Age,Gender,Education Level,Job Title,Years of Experience,Salary
34,Female,Master's,Data Analyst,3,840796
57,Male,Bachelor's,Sales Manager,5,1045246
42,Female,Master's,HR Manager,5,956617
34,Male,Bachelor's,Teacher,4,594411
57,Female,Master's,Database Administrator,20,1284871
21,Male,High School,IT Support Specialist,1,386888
60,Male,Bachelor's,Junior Developer,4,591133
21,Male,PhD,Customer Support Specialist,0,509685
24,Male,Bachelor's,Associate,0,568529
25,Female,Bachelor's,Junior Developer,1,589556
64,Male,Bachelor's,Chief Technology Officer,15,1877154
55,Female,Bachelor's,Operations Manager,21,1229274
59,Male,Master's,Vice President,15,2650730
21,Female,PhD,IT Support Specialist,0,516460
62,Female,Master's,Statistician,8,1124726
22,Female,Bachelor's,Junior Developer,0,517430
45,Male,Master's,Security Engineer,7,1306321
46,Male,Master's,Project Manager,14,1470232
48,Male,Master's,Customer Support Specialist,3,566813
21,Female,Master's,Analyst,0,605380
50,Male,High School,Architect,10,906399
60,Female,Master's,Civil Engineer,5,882025
35,Male,Bachelor's,Customer Support Specialist,0,408414
39,Female,Master's,Consultant,7,1058781
52,Female,Bachelor's,Sales Manager,8,755745
45,Male,PhD,Lawyer,15,2206379
64,Male,Bachelor's,Product Manager,19,1474809
52,Female,High School,Professor,14,955139
47,Male,PhD,Associate,0,697377
55,Female,Master's,Senior Software Engineer,19,1800208
59,Female,PhD,Consultant,10,1447258
53,Female,Bachelor's,Research Scientist,29,1326474
57,Female,Master's,Architect,7,1230463
53,Male,Bachelor's,DevOps Engineer,5,1126463
56,Female,Master's,Economist,19,1313118
33,Male,High School,Data Analyst,3,541359
28,Male,Master's,Associate,4,744012
28,Female,PhD,Junior Developer,0,637323
43,Female,Master's,Lawyer,15,1796054
63,Female,PhD,Product Manager,35,2023854
40,Male,Master's,Software Engineer,6,1336921
22,Female,Bachelor's,Customer Support Specialist,0,421602
38,Female,Bachelor's,Financial Analyst,9,914800
36,Female,Master's,Accountant,4,738150
64,Male,Bachelor's,Senior Software Engineer,19,2052019
63,Female,Bachelor's,Mechanical Engineer,9,978657
65,Male,Master's,Lawyer,39,2176547
58,Female,Master's,Electrical Engineer,9,1084362
34,Male,Master's,Architect,10,1192266
62,Female,Master's,Consultant,37,1699702
49,Female,Master's,Lawyer,13,1684149
26,Male,Bachelor's,Associate,3,567750
24,Male,PhD,Associate,0,728378
52,Male,Bachelor's,Data Analyst,6,815478
53,Female,Master's,Product Manager,27,1899897
36,Male,PhD,Graphic Designer,4,678511
55,Female,Bachelor's,Operations Manager,23,1442228
32,Female,High School,Operations Manager,12,896861
48,Female,Master's,Product Manager,6,1337638
22,Female,Bachelor's,Customer Support Specialist,0,382949
22,Female,Master's,Analyst,0,593604
27,Male,Master's,Junior Developer,1,593775
48,Female,PhD,Security Engineer,12,1807986
48,Male,PhD,IT Support Specialist,0,580660
30,Female,Master's,Junior Developer,1,646744
48,Male,Master's,Associate,0,685049
31,Male,PhD,Intern,0,457114
65,Male,High School,Cloud Architect,29,1816761
43,Female,Master's,Mechanical Engineer,9,1009250
33,Male,PhD,Network Engineer,5,1380083
38,Female,PhD,Accountant,7,889187
28,Male,High School,Junior Developer,0,402754
45,Female,PhD,Associate,0,675803
41,Male,Bachelor's,Lawyer,13,1821482
51,Female,PhD,HR Manager,9,961543
65,Male,PhD,Cloud Architect,29,2783516
38,Male,Master's,Statistician,12,1203822
39,Male,Bachelor's,Lawyer,14,1735708
46,Male,Master's,Statistician,14,1236840
21,Male,High School,Accountant,3,445999
28,Male,Master's,Healthcare Specialist,2,774045
25,Male,Master's,Junior Developer,1,645680
27,Female,Bachelor's,Analyst,1,556293
50,Female,PhD,Civil Engineer,7,1018330
33,Female,Bachelor's,Database Administrator,6,1103659
30,Female,Bachelor's,Healthcare Specialist,3,739510
28,Male,Bachelor's,HR Manager,6,767623
39,Male,Master's,Healthcare Specialist,3,899895
35,Female,Master's,Biomedical Engineer,6,1047710
34,Female,High School,Professor,14,984277
21,Female,Master's,Customer Support Specialist,0,422499
29,Male,Bachelor's,Graphic Designer,2,492016
43,Male,Master's,Sales Manager,13,1240393
35,Male,Master's,Software Engineer,5,941213
60,Male,PhD,Consultant,17,1467856
61,Male,Bachelor's,Professor,32,1381803
48,Female,Master's,Software Engineer,2,1114252
42,Female,Master's,Chief Financial Officer,16,2647041
42,Male,Master's,Senior Software Engineer,12,1729187
49,Female,PhD,UX Designer,4,1159560
23,Female,Master's,Analyst,0,702713
35,Male,Bachelor's,Data Scientist,9,1231706
21,Female,Bachelor's,Junior Developer,0,534809
45,Female,PhD,Chief Technology Officer,16,2694217
30,Male,High School,Economist,12,982449
40,Male,Master's,Accountant,3,713543
45,Female,Master's,Associate,1,704560
65,Male,Master's,Consultant,27,1636977
62,Male,Bachelor's,Chief Technology Officer,31,2421155
31,Male,Bachelor's,Customer Support Specialist,2,416739
49,Female,High School,Analyst,0,467245
62,Male,PhD,Software Engineer,3,1150709
22,Female,Bachelor's,Customer Support Specialist,0,360275
29,Male,Bachelor's,Customer Support Specialist,0,411104
45,Female,PhD,Database Administrator,15,1426019
59,Male,Bachelor's,Software Engineer,3,952761
60,Female,High School,Database Administrator,23,962356
55,Male,Master's,Consultant,16,1490256
45,Male,PhD,Customer Support Specialist,0,463265
24,Male,Bachelor's,Junior Developer,1,497319
35,Male,PhD,Junior Developer,0,821147
52,Male,Bachelor's,Mechanical Engineer,12,1017532
62,Female,PhD,Lawyer,18,2377156
23,Male,High School,Security Engineer,5,1090405
38,Female,Bachelor's,Architect,8,978278
27,Male,Bachelor's,Intern,1,306856
59,Male,Bachelor's,Product Manager,36,2019252
26,Female,PhD,Intern,0,475253
45,Female,PhD,Systems Administrator,5,920265
38,Male,Master's,Data Analyst,7,901478
33,Male,Master's,Teacher,4,653536
36,Male,Bachelor's,Project Manager,8,940683
65,Female,Bachelor's,Product Manager,10,1232664
49,Male,PhD,Machine Learning Engineer,20,2201685
56,Female,Bachelor's,Consultant,34,1273490
59,Female,Master's,HR Manager,9,980444
43,Male,Master's,Director of Engineering,17,2496761
51,Female,PhD,Cloud Architect,15,2389758
30,Female,Master's,Associate,0,572109
21,Male,Bachelor's,Associate,0,584261
60,Male,Bachelor's,Marketing Manager,11,893163
49,Female,PhD,Senior Data Scientist,15,2183035
42,Female,Master's,Marketing Manager,6,947158
40,Male,Bachelor's,Junior Developer,2,628591
36,Male,Master's,Sales Manager,12,1220317
62,Male,Master's,Statistician,9,1285947
21,Male,Bachelor's,Junior Developer,0,561205
25,Female,Bachelor's,Junior Developer,1,557819
37,Male,Master's,Database Administrator,7,1068728
55,Female,Bachelor's,Systems Administrator,7,857137
48,Female,Master's,Security Engineer,17,1739236
39,Female,PhD,Software Engineer,4,1338125
62,Male,High School,Director of Engineering,27,1947228
60,Female,Master's,Software Engineer,5,1104121
35,Female,High School,Civil Engineer,14,749689
48,Male,Master's,Lawyer,20,2168811
24,Male,High School,Accountant,3,518716
58,Female,PhD,Senior Data Scientist,17,2472402
44,Female,Bachelor's,Teacher,3,475605
28,Female,Master's,Accountant,2,678030
49,Male,PhD,Product Manager,13,1871335
22,Male,Bachelor's,Associate,0,513646
28,Female,PhD,Junior Developer,0,692916
63,Female,Bachelor's,Architect,6,851831
60,Male,Bachelor's,Economist,30,1372137
35,Male,High School,Architect,9,916335
37,Female,PhD,Accountant,6,852814
39,Female,Master's,Biomedical Engineer,8,1026413
36,Female,High School,Statistician,11,794958
61,Male,PhD,Biomedical Engineer,8,1185125
65,Female,Bachelor's,Accountant,4,698197
49,Female,PhD,Machine Learning Engineer,21,2062130
27,Female,Master's,Junior Developer,1,689217
26,Male,Master's,Customer Support Specialist,2,521148
45,Male,Bachelor's,Consultant,16,1338308
44,Male,PhD,Professor,11,1671470
27,Female,Master's,Intern,1,386586
40,Male,PhD,Economist,11,1461459
40,Male,PhD,Product Manager,8,1545283
32,Male,PhD,UX Designer,4,1231225
41,Female,Master's,Financial Analyst,4,920549
38,Female,PhD,Data Analyst,6,940969
25,Female,Bachelor's,Associate,2,576641
30,Male,Bachelor's,Network Engineer,5,963108
53,Male,Bachelor's,HR Manager,6,814549
61,Male,Bachelor's,Chief Executive Officer,15,2402218
22,Female,Bachelor's,Analyst,0,510007
49,Female,Bachelor's,Cloud Architect,11,1473125
60,Female,Bachelor's,Statistician,11,1039915
43,Female,Bachelor's,Research Scientist,18,1439174
25,Male,Bachelor's,Junior Developer,2,584595
39,Male,Master's,Economist,12,1263024
40,Female,PhD,Customer Support Specialist,0,499240
43,Female,PhD,Product Manager,9,1526741
23,Female,Bachelor's,Analyst,1,619116
34,Male,Bachelor's,Associate,0,546610
24,Male,High School,Customer Support Specialist,0,307422
59,Male,Master's,Consultant,14,1463631
22,Female,Bachelor's,Junior Developer,0,604822
56,Female,Master's,Director of Engineering,24,2720905
63,Male,Bachelor's,UX Designer,2,870189
29,Male,High School,UX Designer,8,871956
44,Female,PhD,Consultant,15,1333568
44,Female,PhD,Consultant,12,1449620
22,Female,Master's,Analyst,0,627781
30,Male,Master's,Data Analyst,2,767774
27,Male,Bachelor's,Software Engineer,5,939078
61,Male,Master's,Economist,11,1170404
28,Female,Master's,IT Support Specialist,4,505655
43,Female,Master's,Product Manager,15,1717441
29,Female,Master's,Financial Analyst,3,881089
41,Male,Bachelor's,HR Manager,6,852702
31,Male,Bachelor's,Network Engineer,9,1097400
57,Male,Bachelor's,Statistician,9,962269
42,Male,PhD,Data Scientist,12,1280345
40,Male,PhD,Mechanical Engineer,6,1270181
55,Female,Master's,Teacher,4,555901
34,Female,Bachelor's,Intern,1,331425
60,Male,Master's,Chief Executive Officer,15,3127094
26,Male,Bachelor's,IT Support Specialist,1,464575
55,Male,PhD,Cloud Architect,17,2473970
22,Female,Bachelor's,Associate,0,585673
62,Male,Bachelor's,Economist,10,1128616
38,Male,Master's,Research Scientist,11,1334199
52,Male,PhD,Product Manager,18,1739922
61,Male,Bachelor's,Machine Learning Engineer,35,1743916
34,Female,PhD,Marketing Manager,6,1186596
28,Female,Bachelor's,Intern,0,367516
62,Female,High School,Financial Analyst,3,679401
34,Male,Master's,Junior Developer,1,652321
56,Male,Master's,Software Engineer,5,1076344
60,Male,Master's,Biomedical Engineer,8,1087765
48,Female,PhD,Electrical Engineer,10,1345169
22,Female,Master's,IT Support Specialist,0,465388
55,Male,Master's,Intern,0,361342
24,Female,High School,Analyst,1,466368
41,Female,PhD,DevOps Engineer,8,1370305
29,Male,Master's,IT Support Specialist,2,509167
41,Female,Bachelor's,Security Engineer,14,1416559
34,Male,Bachelor's,Software Engineer,7,936868
54,Male,Bachelor's,Architect,10,1221997
28,Female,Master's,Teacher,3,573852
60,Male,Bachelor's,Statistician,14,1103382
32,Male,Master's,Customer Support Specialist,1,459075
41,Female,Master's,Biomedical Engineer,7,890083
61,Female,PhD,Chief Financial Officer,32,3481377
49,Female,Master's,Database Administrator,20,1385966
28,Female,Master's,Analyst,0,640834
55,Female,PhD,Junior Developer,0,699792
65,Male,PhD,Customer Support Specialist,4,579666
56,Male,Master's,Senior Software Engineer,27,2396120
25,Female,High School,Electrical Engineer,5,777604
56,Female,PhD,Civil Engineer,5,1052253
47,Male,Master's,Security Engineer,18,1867921
43,Male,PhD,Senior Data Scientist,15,2551287
59,Male,PhD,Customer Support Specialist,4,676227
58,Male,PhD,Customer Support Specialist,4,526350
41,Female,Bachelor's,Marketing Manager,6,777853
46,Male,Master's,Professor,15,1290757
45,Female,Master's,Chief Executive Officer,15,2510111
60,Female,Bachelor's,Product Manager,6,1279502
61,Female,Master's,Software Engineer,3,983350
38,Female,Master's,Cloud Architect,11,1770734
32,Female,Bachelor's,Professor,10,1033319
37,Female,Master's,Business Analyst,4,924117
60,Male,PhD,Vice President,23,2744370
34,Male,PhD,Financial Analyst,4,1000839
46,Female,Bachelor's,Chief Technology Officer,24,2480913
25,Male,Master's,Associate,1,613250
47,Female,Bachelor's,Sales Manager,10,915170
42,Male,Bachelor's,Chief Executive Officer,15,2470277
43,Female,Master's,Operations Manager,13,1190395
49,Male,PhD,Consultant,21,1836203
46,Female,Master's,Financial Analyst,2,813984
47,Male,Master's,Database Administrator,14,1522609
44,Female,Master's,Consultant,12,1184511
35,Male,Master's,Sales Manager,10,1344537
35,Male,PhD,Systems Administrator,7,1117925
54,Female,Bachelor's,Machine Learning Engineer,22,1471586
55,Female,Master's,Lawyer,27,2154500
24,Male,Bachelor's,Analyst,1,756596
44,Male,Bachelor's,Software Engineer,5,932521
33,Female,Bachelor's,HR Manager,7,797194
64,Female,Bachelor's,Biomedical Engineer,6,893134
63,Male,High School,Product Manager,45,1480954
42,Female,PhD,Software Engineer,13,1518749
63,Female,PhD,Security Engineer,35,2186777
43,Female,Master's,Consultant,7,1257310
21,Male,Bachelor's,IT Support Specialist,0,430006
23,Female,Master's,Analyst,0,668805
61,Male,Master's,Director of Engineering,29,2999892
38,Female,PhD,Software Engineer,2,1218578
28,Female,High School,Business Analyst,4,690889
24,Female,Bachelor's,Customer Support Specialist,0,395705
37,Female,Bachelor's,IT Support Specialist,1,379218
38,Male,Bachelor's,Customer Support Specialist,4,382425
44,Female,PhD,Financial Analyst,5,1080082
49,Male,PhD,IT Support Specialist,2,674588
46,Female,PhD,Data Analyst,6,1169426
33,Male,Master's,DevOps Engineer,7,1439635
63,Female,Master's,Junior Developer,4,663502
37,Male,Bachelor's,Product Manager,9,1452329
35,Male,Bachelor's,Cloud Architect,11,1534705
26,Male,Bachelor's,Intern,1,369207
21,Male,Bachelor's,Junior Developer,0,485115
27,Female,Bachelor's,Database Administrator,5,951583
52,Female,Master's,Chief Technology Officer,24,3288612
27,Female,Master's,Associate,2,705686
30,Male,PhD,Accountant,2,806914
39,Male,Master's,Database Administrator,13,1404999
52,Male,PhD,Senior Software Engineer,12,2564088
38,Female,Master's,Architect,8,1128801
48,Male,Master's,Financial Analyst,9,928314
52,Female,Master's,Director of Engineering,16,2322149
48,Female,PhD,Economist,10,1392166
48,Male,PhD,Research Scientist,14,1666643
31,Male,PhD,Associate,0,813212
46,Female,Bachelor's,Cloud Architect,19,1849245
24,Female,Bachelor's,IT Support Specialist,2,514005
25,Male,PhD,Intern,0,474435
42,Male,Bachelor's,Software Engineer,7,988690
49,Male,Bachelor's,Director of Engineering,16,2211514
21,Female,Bachelor's,Analyst,0,571265
56,Male,Master's,Chief Financial Officer,31,2863229
30,Female,Master's,Associate,1,596114
65,Male,Bachelor's,Machine Learning Engineer,20,1606755
22,Female,Bachelor's,Customer Support Specialist,0,406959
23,Female,Bachelor's,IT Support Specialist,1,510853
41,Male,Bachelor's,Technical Writer,10,827159
53,Female,Master's,Chief Technology Officer,16,2766328
42,Male,Master's,Statistician,8,1044011
24,Male,Bachelor's,Associate,1,512043
54,Female,Bachelor's,Mechanical Engineer,6,878099
21,Female,Bachelor's,Junior Developer,0,518502
64,Female,Master's,Chief Executive Officer,16,2841830
58,Female,Bachelor's,Consultant,33,1381744
58,Male,PhD,Data Analyst,6,936669
25,Male,Bachelor's,Analyst,3,659934
26,Female,Master's,Intern,0,386281
41,Male,PhD,Teacher,2,750604
56,Female,PhD,Chief Executive Officer,25,3279085
46,Female,PhD,Electrical Engineer,5,1228897
48,Female,Master's,Chief Executive Officer,21,3422528
27,Female,Master's,IT Support Specialist,0,489007
47,Male,Master's,Consultant,23,1588956
42,Female,Bachelor's,Analyst,4,738034
43,Female,Bachelor's,Economist,15,1165634
33,Male,Bachelor's,Civil Engineer,6,969437
37,Female,Master's,Security Engineer,11,1516943
59,Female,Bachelor's,Lawyer,34,1908974
46,Male,Bachelor's,Analyst,0,548489
53,Female,Bachelor's,Director of Engineering,21,1912939
50,Male,Master's,Network Engineer,9,1227489
61,Female,PhD,Graphic Designer,4,661404
33,Female,Master's,Mechanical Engineer,9,1083680
31,Male,Master's,DevOps Engineer,5,1251509
21,Male,Bachelor's,Associate,0,557144
65,Female,Master's,Professor,26,1595129
37,Female,Master's,Analyst,4,778044
23,Male,Master's,Analyst,0,702099
62,Female,PhD,Data Analyst,4,812447
65,Male,Master's,IT Support Specialist,1,496289
40,Female,High School,Project Manager,13,819825
42,Female,Bachelor's,Associate,1,598222
56,Male,High School,Senior Data Scientist,17,1795045
30,Male,PhD,Junior Developer,0,716697
65,Female,Bachelor's,Chief Executive Officer,18,2388949
21,Female,PhD,Junior Developer,0,635404
51,Male,High School,Architect,11,840000
65,Female,Bachelor's,Database Administrator,36,1319407
34,Male,PhD,Junior Developer,1,679450
23,Female,Bachelor's,Associate,0,636956
28,Female,Master's,Customer Support Specialist,1,474933
47,Male,Bachelor's,IT Support Specialist,4,489821
27,Female,Bachelor's,Data Analyst,2,693461
65,Male,Master's,Lawyer,41,2394214
40,Male,PhD,Statistician,11,1530307
44,Female,Master's,Research Scientist,16,1352403
43,Male,Bachelor's,Cloud Architect,13,1672672
34,Male,High School,Software Engineer,13,1040723
65,Male,PhD,Software Engineer,11,1215139
60,Male,PhD,Consultant,13,1597936
45,Male,Master's,Associate,0,589104
53,Female,Bachelor's,DevOps Engineer,10,1183169
58,Male,Bachelor's,Architect,8,1046293
57,Female,Master's,Accountant,9,779473
47,Female,Master's,Database Administrator,9,1233456
35,Female,Bachelor's,Teacher,3,582404
28,Male,Bachelor's,HR Manager,5,920901
40,Male,Master's,Junior Developer,1,696548
39,Male,PhD,Civil Engineer,11,1138245
52,Female,Bachelor's,Security Engineer,24,1449464
45,Female,PhD,Cloud Architect,17,2506096
28,Male,Bachelor's,Teacher,4,559840
38,Female,PhD,Analyst,0,836355
32,Female,Bachelor's,Customer Support Specialist,4,397488
63,Female,High School,Senior Software Engineer,30,1717686
30,Male,Master's,Marketing Manager,6,966213
30,Male,PhD,IT Support Specialist,1,624719
64,Female,PhD,Vice President,35,3118047
64,Female,PhD,Cloud Architect,34,2966111
41,Male,Bachelor's,Chief Technology Officer,16,2388546
36,Male,Bachelor's,Business Analyst,3,754805
39,Male,High School,Vice President,18,1821297
63,Male,PhD,Economist,35,1680536
48,Male,PhD,Junior Developer,0,661668
56,Male,Master's,Operations Manager,20,1463641
30,Female,Bachelor's,Product Manager,5,1175130
33,Female,Bachelor's,UX Designer,5,870004
36,Male,Bachelor's,Statistician,9,1059477
28,Female,Bachelor's,Security Engineer,5,1172632
23,Female,Master's,Associate,0,641387
51,Female,Master's,Machine Learning Engineer,13,1613850
24,Female,Bachelor's,Customer Support Specialist,2,398743
38,Female,Bachelor's,IT Support Specialist,1,454767
50,Male,PhD,Sales Manager,7,1309864
58,Male,Master's,Operations Manager,11,1211477
27,Male,High School,Graphic Designer,4,511045
28,Female,Master's,Associate,1,622436
33,Female,Bachelor's,Software Engineer,5,999375
50,Male,Master's,Security Engineer,5,1223159
46,Female,PhD,Customer Support Specialist,1,551245
59,Male,Master's,HR Manager,7,956087
54,Male,Bachelor's,Senior Data Scientist,22,2230126
50,Male,Bachelor's,IT Support Specialist,3,517799
39,Female,Master's,Associate,0,695266
23,Male,Bachelor's,Customer Support Specialist,0,379838
59,Male,Master's,Intern,1,455967
37,Female,PhD,Architect,5,1136893
57,Female,Master's,Customer Support Specialist,2,431876
48,Male,High School,Marketing Manager,11,787396
32,Female,Bachelor's,Biomedical Engineer,9,944499
45,Female,PhD,IT Support Specialist,2,595883
53,Female,PhD,UX Designer,2,1233549
49,Male,Master's,Electrical Engineer,8,1125240
33,Male,Bachelor's,Security Engineer,5,1209698
29,Female,Bachelor's,UX Designer,7,808677
31,Male,Bachelor's,Mechanical Engineer,5,968249
41,Female,Bachelor's,Database Administrator,6,953554
62,Female,High School,Consultant,44,1164210
42,Female,Master's,Technical Writer,12,863142
28,Female,Master's,Customer Support Specialist,3,439032
61,Female,PhD,Senior Software Engineer,12,1825552
23,Female,Bachelor's,Associate,1,510848
54,Male,Master's,Data Analyst,6,907302
65,Male,Master's,Vice President,32,2956565
37,Female,Master's,IT Support Specialist,1,556812
55,Male,Bachelor's,Director of Engineering,21,2212889
53,Male,PhD,Consultant,7,1408919
48,Male,PhD,Accountant,3,852044
48,Male,Master's,IT Support Specialist,2,514721
40,Male,Master's,Software Engineer,5,1242767
49,Male,Bachelor's,Senior Data Scientist,25,2085362
60,Female,Master's,Research Scientist,24,1410249
46,Female,High School,Machine Learning Engineer,12,1146621
52,Male,Master's,Customer Support Specialist,3,481463
59,Male,Master's,Senior Software Engineer,28,2170879
62,Female,Bachelor's,Project Manager,11,1157782
46,Male,Bachelor's,Analyst,2,694493
46,Male,Bachelor's,Lawyer,11,1417659
22,Male,High School,Intern,1,314357
65,Female,Master's,Operations Manager,27,1370873
58,Female,PhD,DevOps Engineer,5,1303273
53,Male,Bachelor's,Systems Administrator,5,712419
39,Male,Master's,Statistician,10,1218219
26,Female,Bachelor's,Teacher,3,510415
21,Male,Master's,Customer Support Specialist,0,464081
65,Female,Bachelor's,Cloud Architect,28,2000432
29,Female,PhD,Customer Support Specialist,0,534410
42,Female,PhD,Data Analyst,3,940206
45,Male,PhD,IT Support Specialist,4,576237
48,Female,Bachelor's,Operations Manager,11,1048998
63,Female,Master's,Data Analyst,2,794645
40,Male,Master's,Consultant,5,1185329
28,Female,High School,Accountant,3,507631
35,Male,Bachelor's,Customer Support Specialist,3,435602
41,Female,PhD,Healthcare Specialist,3,995988
33,Male,Master's,Network Engineer,7,1205450
39,Female,PhD,Architect,10,1314341
63,Female,PhD,Architect,13,1535037
30,Male,Bachelor's,Project Manager,8,1004835
41,Female,Master's,Analyst,1,741764
30,Male,Master's,Graphic Designer,2,605968
53,Female,Bachelor's,Consultant,23,1278040
48,Male,PhD,Customer Support Specialist,3,584481
26,Female,PhD,Customer Support Specialist,0,529945
49,Female,PhD,Statistician,7,1231360
25,Male,Master's,Intern,0,441232
35,Male,Bachelor's,Architect,11,1126613
65,Female,Bachelor's,Database Administrator,35,1400516
48,Male,PhD,Project Manager,11,1414737
23,Male,Bachelor's,Intern,1,327442
26,Male,Bachelor's,Financial Analyst,4,840645
32,Male,Master's,Associate,1,678454
31,Male,Master's,Data Analyst,3,681699
65,Male,Master's,Customer Support Specialist,3,482448
59,Male,Master's,Senior Software Engineer,30,2744053
39,Male,Master's,UX Designer,2,973557
26,Male,Bachelor's,Associate,1,524608
31,Female,PhD,Customer Support Specialist,3,470523
51,Female,Bachelor's,Civil Engineer,8,880160
56,Female,Bachelor's,Cloud Architect,28,2092562
27,Male,Bachelor's,UX Designer,2,857448
37,Female,PhD,Consultant,5,1372042
38,Male,Bachelor's,Software Engineer,10,1038899
29,Male,High School,Marketing Manager,7,856358
34,Female,Bachelor's,Mechanical Engineer,9,884667
50,Male,Bachelor's,Consultant,11,1200823
31,Female,Bachelor's,Analyst,1,521876
56,Male,High School,Database Administrator,6,732765
42,Male,Bachelor's,Data Analyst,4,736580
45,Female,Master's,Research Scientist,18,1647533
65,Female,PhD,Lawyer,36,2788114
21,Female,Master's,Customer Support Specialist,0,430901
21,Female,Bachelor's,Associate,0,550842
61,Male,Bachelor's,Product Manager,37,1721254
64,Female,Master's,Junior Developer,1,667058
42,Female,Bachelor's,Analyst,4,700357
29,Male,High School,Data Scientist,5,970372
46,Male,Bachelor's,Data Analyst,8,672120
58,Male,High School,Customer Support Specialist,3,372940
25,Male,High School,Civil Engineer,5,705227
56,Female,Bachelor's,Product Manager,23,1619902
51,Female,Master's,Machine Learning Engineer,20,1934377
47,Male,Master's,Business Analyst,4,906982
38,Male,Master's,Product Manager,10,1715713
24,Male,Bachelor's,Customer Support Specialist,2,432055
26,Male,Bachelor's,IT Support Specialist,4,540116
35,Male,PhD,Financial Analyst,6,1158785
28,Male,PhD,IT Support Specialist,0,643340
28,Male,Bachelor's,DevOps Engineer,6,1266813
39,Male,Master's,Junior Developer,2,645471
22,Male,Bachelor's,Associate,0,578590
38,Female,Master's,Financial Analyst,2,906258
40,Male,PhD,Architect,5,1330202
26,Female,Bachelor's,Customer Support Specialist,2,400352
42,Male,Bachelor's,Systems Administrator,6,810133
42,Female,Master's,Database Administrator,8,1173976
39,Male,PhD,Intern,1,412075
49,Female,High School,Product Manager,27,1510997
24,Female,Bachelor's,Associate,0,496641
24,Female,Bachelor's,Associate,1,472507
33,Male,PhD,Biomedical Engineer,5,1215113
29,Female,Master's,Intern,1,372630
62,Male,Bachelor's,IT Support Specialist,2,435733
52,Male,PhD,Director of Engineering,19,3104296
29,Male,Bachelor's,Customer Support Specialist,3,444924
26,Male,Master's,Associate,1,669684
36,Male,Master's,Architect,11,1153249
27,Female,Master's,Intern,1,407892
40,Male,Master's,Data Analyst,8,1024525
41,Female,Bachelor's,Machine Learning Engineer,19,1394614
46,Female,Master's,Vice President,21,2742919
21,Male,Master's,Associate,0,673789
40,Female,PhD,DevOps Engineer,9,1663710
48,Male,Bachelor's,Analyst,3,684139
59,Female,PhD,Data Analyst,9,1082322
52,Male,High School,Software Engineer,7,907583
36,Female,Master's,IT Support Specialist,2,522409
30,Male,Master's,Analyst,3,811379
21,Male,Master's,Junior Developer,0,666607
25,Male,Bachelor's,IT Support Specialist,0,461192
62,Female,Bachelor's,Chief Financial Officer,15,2190752
47,Female,PhD,IT Support Specialist,1,596093
39,Male,Master's,Junior Developer,3,708872
42,Female,Master's,Research Scientist,18,1661389
64,Female,High School,Consultant,19,1131124
27,Female,Master's,Graphic Designer,2,561648
24,Male,High School,Data Analyst,5,632048
44,Female,Bachelor's,Financial Analyst,6,840585
32,Female,Bachelor's,DevOps Engineer,10,1223120
22,Male,Master's,Junior Developer,0,601748
63,Male,Master's,IT Support Specialist,1,542705
65,Female,High School,Vice President,38,2193142
30,Female,Bachelor's,Product Manager,5,1155281
58,Male,Master's,Analyst,2,697875
58,Male,Bachelor's,Machine Learning Engineer,24,1559224
53,Male,Bachelor's,Cloud Architect,27,2058420
59,Male,Master's,Senior Software Engineer,31,2619584
35,Male,Master's,IT Support Specialist,4,512824
36,Male,Bachelor's,Mechanical Engineer,6,889941
21,Male,Bachelor's,Junior Developer,0,513763
47,Female,PhD,Machine Learning Engineer,17,2277906
52,Male,Bachelor's,Research Scientist,30,1651446
25,Female,PhD,Analyst,0,777327
34,Female,PhD,Accountant,3,776153
45,Male,Master's,Director of Engineering,15,2383729
25,Female,Master's,Associate,0,559692
50,Female,Master's,Professor,25,1380837
44,Female,Bachelor's,Security Engineer,6,1397988
57,Male,Master's,Cloud Architect,23,2753974
34,Male,Master's,Biomedical Engineer,6,1145661
43,Male,Bachelor's,Consultant,21,1454382
30,Male,Bachelor's,Product Manager,7,1198734
39,Female,Master's,Electrical Engineer,14,1305499
24,Male,Bachelor's,Intern,1,352905
31,Female,PhD,Associate,3,710388
35,Female,PhD,DevOps Engineer,6,1324046
35,Female,Bachelor's,Junior Developer,0,544650
39,Female,Master's,Junior Developer,4,697981
49,Female,Master's,Biomedical Engineer,7,1118198
56,Female,Bachelor's,Accountant,9,767866
58,Female,Master's,Architect,10,1168583
56,Male,Master's,Machine Learning Engineer,32,1939171
60,Female,Bachelor's,Research Scientist,17,1129844
49,Male,Master's,Database Administrator,15,1286898
27,Male,PhD,Associate,0,799458
64,Male,Master's,Machine Learning Engineer,22,2035626
48,Male,PhD,Software Engineer,5,1316510
53,Male,Bachelor's,Software Engineer,13,1196327
46,Female,PhD,Data Scientist,8,1371068
61,Male,High School,Operations Manager,20,1069693
60,Female,Master's,Consultant,26,1583271
27,Female,PhD,Customer Support Specialist,0,521341
43,Male,PhD,Healthcare Specialist,2,832601
48,Female,Master's,Cloud Architect,24,2288763
39,Female,Master's,Intern,1,400260
65,Male,Bachelor's,Lawyer,42,2481919
40,Male,Master's,Financial Analyst,4,1182093
48,Male,PhD,Electrical Engineer,7,1307946
37,Male,Master's,DevOps Engineer,13,1387244
40,Male,Bachelor's,Security Engineer,13,1327412
48,Female,Bachelor's,Civil Engineer,11,832259
52,Female,PhD,Analyst,0,763655
28,Female,Master's,Graphic Designer,3,585764
42,Female,PhD,Network Engineer,7,911013
46,Female,Bachelor's,Database Administrator,23,1160422
54,Male,High School,Product Manager,30,1432799
46,Male,Bachelor's,Machine Learning Engineer,19,1584180
36,Male,PhD,Statistician,7,1229624
29,Male,Bachelor's,Architect,7,1138735
30,Male,Bachelor's,Financial Analyst,6,895733
31,Female,PhD,Junior Developer,2,605802
32,Male,Bachelor's,HR Manager,6,867196
59,Male,Bachelor's,Cloud Architect,28,2367083
38,Female,PhD,Customer Support Specialist,0,485942
65,Female,PhD,Marketing Manager,8,1134042
33,Female,Master's,Graphic Designer,2,566589
44,Male,Master's,Economist,17,1442235
44,Female,Bachelor's,IT Support Specialist,0,389563
49,Female,Master's,Chief Executive Officer,16,2778666
52,Female,Bachelor's,Security Engineer,23,1740913
43,Male,Master's,Machine Learning Engineer,13,1929927
29,Male,PhD,Customer Support Specialist,1,623151
39,Female,PhD,IT Support Specialist,3,637822
57,Male,Master's,Security Engineer,30,1680815
62,Female,High School,Economist,28,1067215
37,Male,Bachelor's,Biomedical Engineer,9,890287
51,Female,PhD,Lawyer,13,1642967
22,Female,Bachelor's,Junior Developer,0,471837
51,Female,PhD,Professor,21,1636057
65,Female,PhD,Chief Executive Officer,16,3149120
26,Male,Bachelor's,Analyst,3,641177
22,Male,Bachelor's,Analyst,0,549876
22,Female,Bachelor's,Associate,0,532452
37,Female,PhD,Architect,7,1221971
26,Male,Bachelor's,Junior Developer,4,602999
50,Male,Master's,Systems Administrator,8,1018330
49,Female,Master's,Electrical Engineer,12,1250216
53,Female,Bachelor's,DevOps Engineer,13,1199572
48,Female,Master's,Product Manager,10,1457309
30,Female,Bachelor's,Network Engineer,8,920692
54,Female,High School,Database Administrator,12,978623
21,Female,High School,Customer Support Specialist,1,370739
44,Male,Master's,Database Administrator,18,1530219
44,Female,Master's,Associate,3,709929
56,Female,Bachelor's,Senior Data Scientist,22,1846610
37,Male,Bachelor's,Civil Engineer,7,867855
26,Female,Master's,Junior Developer,0,616750
30,Male,Bachelor's,Financial Analyst,4,760397
25,Female,Bachelor's,Analyst,2,576561
55,Female,Master's,Cloud Architect,26,2217789
37,Female,Master's,Network Engineer,5,1043174
60,Female,Master's,Biomedical Engineer,5,949767
41,Female,Bachelor's,Database Administrator,5,1001390
22,Male,Bachelor's,Intern,0,357152
24,Female,Bachelor's,Customer Support Specialist,2,438699
33,Female,Bachelor's,IT Support Specialist,1,491618
31,Male,Master's,Junior Developer,4,757035
55,Male,Master's,Professor,29,1569074
25,Male,Master's,Intern,0,370602
59,Female,High School,Vice President,37,2009376
37,Male,Master's,Product Manager,13,1827387
49,Male,Master's,Architect,11,1157408
49,Male,Bachelor's,UX Designer,9,920455
56,Female,Master's,Economist,25,1494781
64,Male,Master's,Professor,21,1325493
30,Male,Bachelor's,Business Analyst,2,600546
63,Female,Bachelor's,DevOps Engineer,12,1224630
25,Male,Master's,IT Support Specialist,0,546954
65,Male,Master's,Database Administrator,26,1487302
65,Female,Master's,Cloud Architect,11,1835123
60,Male,Master's,IT Support Specialist,0,526294
50,Male,PhD,DevOps Engineer,8,1564023
54,Male,Bachelor's,Product Manager,31,1652315
42,Female,Bachelor's,Vice President,19,2422220
52,Female,PhD,Operations Manager,13,1622813
64,Male,Bachelor's,Operations Manager,21,1319305
49,Male,PhD,Economist,20,1558068
54,Male,Master's,Healthcare Specialist,4,899694
65,Female,Bachelor's,Consultant,37,1212098
42,Male,Bachelor's,Junior Developer,0,524075
23,Male,Master's,Associate,0,527608
55,Female,Master's,DevOps Engineer,10,1310413
61,Male,Master's,Data Analyst,4,884211
23,Male,Bachelor's,Customer Support Specialist,0,392756
24,Female,Bachelor's,Junior Developer,2,525427
65,Female,Master's,Chief Executive Officer,18,2398646
53,Female,Bachelor's,Professor,29,1301945
40,Female,PhD,Product Manager,9,1675763
28,Male,Bachelor's,IT Support Specialist,4,486174
49,Male,Bachelor's,Senior Data Scientist,20,2150480
54,Female,PhD,Graphic Designer,3,654679
31,Male,Bachelor's,Software Engineer,5,912431
44,Male,Master's,Research Scientist,15,1507731
45,Male,Bachelor's,Database Administrator,22,1153107
32,Female,Bachelor's,Research Scientist,10,1061934
40,Female,PhD,Consultant,8,1459073
23,Female,High School,Electrical Engineer,5,740335
51,Male,Bachelor's,Operations Manager,14,1149328
47,Female,Bachelor's,Accountant,4,628556
54,Male,Bachelor's,Senior Software Engineer,18,1926905
40,Female,Master's,Cloud Architect,16,2232095
34,Male,Bachelor's,Data Analyst,3,637971
52,Male,Bachelor's,Senior Software Engineer,14,1863854
36,Male,PhD,Biomedical Engineer,6,1126385
50,Male,Master's,Software Engineer,12,1336278
36,Female,Master's,Electrical Engineer,8,1187757
35,Male,Master's,Machine Learning Engineer,11,1483315
26,Male,High School,IT Support Specialist,4,392430
54,Female,High School,Sales Manager,6,731360
43,Male,Bachelor's,Electrical Engineer,7,951744
59,Male,Bachelor's,Architect,11,941108
41,Female,Bachelor's,Financial Analyst,7,772942
46,Female,Bachelor's,Consultant,20,1260521
38,Male,Master's,Electrical Engineer,9,1153311
23,Female,Master's,IT Support Specialist,0,517097
49,Male,Bachelor's,Lawyer,26,1860129
63,Female,Bachelor's,Consultant,17,1069161
37,Male,Master's,Statistician,10,1167558
35,Male,Bachelor's,Marketing Manager,12,895899
65,Male,Bachelor's,Director of Engineering,26,2403671
35,Male,Bachelor's,Associate,3,581728
54,Female,Bachelor's,Junior Developer,1,500401
51,Male,Master's,Sales Manager,5,1020653
28,Female,Bachelor's,Analyst,1,614432
32,Female,Bachelor's,DevOps Engineer,8,1227802
38,Female,Master's,Mechanical Engineer,6,1026998
35,Female,Master's,Software Engineer,3,991164
62,Female,High School,Lawyer,38,1699022
47,Female,Master's,Economist,22,1453714
54,Female,PhD,Chief Executive Officer,17,2967064
30,Female,Master's,Junior Developer,0,611314
54,Female,Master's,Operations Manager,10,1257207
60,Female,Bachelor's,Associate,2,606073
50,Female,PhD,Healthcare Specialist,2,726701
46,Male,Master's,Professor,15,1188946
25,Male,Bachelor's,Customer Support Specialist,1,384841
46,Female,Master's,Product Manager,19,1563398
25,Male,Bachelor's,Software Engineer,2,871941
54,Male,Bachelor's,Product Manager,19,1459015
28,Male,Bachelor's,Customer Support Specialist,1,382620
37,Female,Bachelor's,UX Designer,5,822165
41,Female,Master's,Cloud Architect,12,2029894
55,Male,Bachelor's,Business Analyst,4,826578
56,Male,Bachelor's,Operations Manager,34,1366006
34,Male,Master's,Financial Analyst,4,923000
27,Female,Master's,Customer Support Specialist,2,540755
60,Male,Master's,Product Manager,18,1714822
52,Male,Bachelor's,Associate,2,605639
46,Male,Bachelor's,Chief Financial Officer,15,2096617
22,Female,High School,Intern,0,275487
41,Male,PhD,Economist,10,1256839
36,Female,Bachelor's,Statistician,14,991282
23,Female,High School,Associate,1,470709
51,Male,Master's,Director of Engineering,23,2458189
24,Male,Bachelor's,IT Support Specialist,0,463116
25,Female,Master's,Junior Developer,0,596494
37,Male,PhD,Associate,4,768925
28,Male,Bachelor's,Graphic Designer,3,555924
42,Male,Bachelor's,Project Manager,13,1076384
25,Male,Bachelor's,Junior Developer,1,611150
38,Male,PhD,Mechanical Engineer,8,1197797
41,Male,Bachelor's,Software Engineer,7,969807
61,Female,Bachelor's,Vice President,28,2236227
38,Female,PhD,Associate,0,777307
45,Female,Master's,Research Scientist,10,1499491
37,Male,Master's,UX Designer,3,1060875
65,Male,Bachelor's,Chief Executive Officer,36,2774608
46,Female,Bachelor's,Senior Software Engineer,16,2079671
61,Male,Bachelor's,Director of Engineering,33,2514081
27,Male,Master's,Accountant,3,819124
65,Female,Bachelor's,Accountant,3,556926
45,Female,High School,Professor,12,1029710
46,Male,Master's,Cloud Architect,21,2500252
43,Male,PhD,Mechanical Engineer,14,1254834
37,Female,Master's,Marketing Manager,9,1021881
32,Male,Bachelor's,Civil Engineer,9,1029553
47,Female,PhD,Technical Writer,13,1046979
24,Male,High School,Accountant,2,526994
28,Male,Bachelor's,Database Administrator,6,969700
64,Male,Bachelor's,Economist,34,1468869
57,Female,Bachelor's,Professor,14,1308322
24,Female,Master's,Customer Support Specialist,0,396032
58,Female,Bachelor's,Marketing Manager,14,832385
39,Male,PhD,Graphic Designer,4,637498
26,Female,Master's,Analyst,0,709909
55,Male,Bachelor's,Chief Technology Officer,18,2643830
39,Male,Master's,Data Analyst,2,771781
63,Female,Master's,Economist,21,1370124
65,Male,Master's,Lawyer,40,2383844
38,Female,Master's,Product Manager,12,1349855
50,Male,High School,Database Administrator,20,1051288
21,Male,Bachelor's,IT Support Specialist,0,424889
36,Male,Master's,Security Engineer,5,1355000
29,Female,Bachelor's,Data Analyst,6,619374
40,Male,Master's,Database Administrator,13,1179622
22,Female,High School,Financial Analyst,4,773521
21,Male,Master's,IT Support Specialist,0,554942
53,Male,Bachelor's,Machine Learning Engineer,10,1456773
46,Male,PhD,Director of Engineering,16,2993771
42,Male,Master's,HR Manager,9,910519
54,Female,Bachelor's,Data Scientist,7,1245833
38,Female,Master's,Senior Software Engineer,11,1885637
53,Male,Bachelor's,Director of Engineering,22,1922404
52,Male,Master's,Vice President,28,3465293
44,Male,Master's,Electrical Engineer,13,1369128
30,Male,Master's,Customer Support Specialist,0,409037
50,Female,Master's,Director of Engineering,18,2684550
35,Male,Bachelor's,Intern,1,334251
31,Female,Bachelor's,Analyst,2,671292
57,Female,Bachelor's,Lawyer,15,1557583
21,Female,Bachelor's,Customer Support Specialist,0,427350
27,Male,Bachelor's,Junior Developer,0,507086
21,Female,PhD,Associate,0,690504
42,Female,Bachelor's,Analyst,1,563632
61,Male,Bachelor's,Professor,14,1233092
37,Male,High School,Senior Software Engineer,15,1483867
53,Female,Bachelor's,Accountant,9,722080
48,Female,PhD,Security Engineer,12,1843037
39,Female,Bachelor's,Director of Engineering,16,1677142
25,Male,Master's,IT Support Specialist,0,528874
50,Female,Master's,IT Support Specialist,1,542772
44,Female,PhD,Operations Manager,13,1330344
39,Male,Master's,IT Support Specialist,2,448828
35,Male,PhD,Intern,0,422649
48,Male,Master's,Chief Financial Officer,20,2883191
53,Male,Master's,Cloud Architect,24,2076955
60,Male,Master's,Professor,32,1626451
61,Female,PhD,Chief Executive Officer,33,3901400
65,Male,PhD,Senior Data Scientist,28,2611374
38,Female,Bachelor's,Marketing Manager,9,804267
21,Female,High School,Analyst,0,498299
22,Female,High School,Customer Support Specialist,1,385425
44,Male,Master's,Mechanical Engineer,5,1012333
38,Male,Bachelor's,Analyst,0,619559
49,Female,PhD,Financial Analyst,8,1318335
39,Female,Bachelor's,DevOps Engineer,6,1069145
32,Male,Bachelor's,Analyst,0,548741
23,Male,Master's,Junior Developer,0,643332
61,Male,Master's,Vice President,27,2726909
29,Male,Bachelor's,Teacher,3,538514
49,Male,PhD,Senior Data Scientist,17,2362337
31,Male,Bachelor's,Network Engineer,6,937307
62,Male,Master's,Chief Technology Officer,36,3761630
30,Male,Bachelor's,Customer Support Specialist,0,400473
29,Male,Master's,Associate,1,690488
22,Male,Bachelor's,Analyst,0,578759
33,Male,High School,Graphic Designer,4,432331
47,Male,Master's,Data Analyst,8,896143
49,Male,Master's,Product Manager,8,1597011
57,Male,Bachelor's,Electrical Engineer,12,1138537
36,Male,PhD,Graphic Designer,3,724294
51,Female,High School,Senior Software Engineer,30,1770891
27,Female,High School,Marketing Manager,8,750989
25,Male,Master's,Associate,0,623393
21,Female,Master's,Associate,0,585199
37,Female,PhD,Architect,8,1431224
29,Female,Bachelor's,Associate,0,514539
48,Male,Master's,Chief Technology Officer,17,2899861
50,Female,PhD,Senior Software Engineer,21,2588740
54,Female,High School,Research Scientist,17,1108455
38,Male,High School,Machine Learning Engineer,14,1314656
24,Male,Bachelor's,Analyst,2,664923
40,Male,Bachelor's,Software Engineer,3,900899
54,Female,Master's,Mechanical Engineer,9,872633
55,Female,Bachelor's,Chief Executive Officer,28,2447466
65,Female,Bachelor's,Business Analyst,2,679302
48,Male,Master's,Consultant,21,1374053
61,Female,Master's,Director of Engineering,19,2677885
24,Male,High School,Data Analyst,2,574328
37,Male,Master's,Machine Learning Engineer,13,1563073
25,Female,High School,Healthcare Specialist,2,644999
21,Male,Bachelor's,Junior Developer,0,509478
22,Male,Master's,Junior Developer,0,613799
40,Female,PhD,UX Designer,9,1135107
23,Female,High School,Graphic Designer,4,465763
57,Female,Bachelor's,Lawyer,26,1803276
63,Male,Bachelor's,Data Scientist,13,1309766
35,Female,Master's,Sales Manager,7,1026057
32,Female,Master's,Marketing Manager,7,1014534
49,Female,Bachelor's,Product Manager,27,1705453
32,Male,PhD,Intern,0,418520
50,Female,PhD,Cloud Architect,15,2479581
25,Male,Bachelor's,Customer Support Specialist,1,392385
21,Female,PhD,Associate,0,609176
52,Female,Bachelor's,Associate,1,604708
37,Female,Bachelor's,Software Engineer,5,970845
23,Male,High School,Analyst,0,467958
63,Female,Master's,Senior Data Scientist,16,2114195
33,Male,Master's,Biomedical Engineer,9,1089004
38,Female,Bachelor's,Customer Support Specialist,0,440774
42,Male,Master's,Architect,9,1174513
36,Female,Master's,Analyst,1,643240
48,Female,Master's,Chief Technology Officer,19,2886880
43,Female,Master's,Security Engineer,15,1454287
29,Female,Bachelor's,Consultant,5,995120
29,Female,Master's,Financial Analyst,3,957663
39,Male,Bachelor's,IT Support Specialist,2,532533
46,Female,Bachelor's,Economist,15,1192527
50,Female,Master's,Technical Writer,11,933829
65,Male,High School,Intern,1,286636
64,Female,Master's,Senior Data Scientist,33,2602301
26,Female,Master's,Intern,0,335394
40,Female,Master's,Electrical Engineer,11,1226290
40,Female,Master's,Project Manager,11,1151618
41,Female,PhD,Research Scientist,10,1303625
61,Female,High School,Operations Manager,43,1145952
38,Female,Master's,Biomedical Engineer,9,1151742
21,Male,High School,Teacher,3,465893
32,Male,Master's,Accountant,2,770881
59,Female,Bachelor's,Healthcare Specialist,3,633072
62,Female,Master's,Project Manager,8,1417895
37,Female,PhD,Systems Administrator,9,1119990
64,Female,Bachelor's,Lawyer,25,1748456
55,Female,Bachelor's,Mechanical Engineer,11,853798
62,Male,Master's,Data Analyst,2,702335
41,Female,Master's,Accountant,4,702024
55,Male,Master's,Security Engineer,21,1988583
64,Male,Master's,Operations Manager,21,1310800
21,Female,Bachelor's,IT Support Specialist,0,435709
50,Male,Bachelor's,Chief Financial Officer,20,2289747
55,Female,High School,Sales Manager,5,812026
58,Female,Bachelor's,Chief Financial Officer,17,2027913
55,Male,PhD,Chief Executive Officer,17,3123052
63,Male,High School,Consultant,33,1252777
46,Male,Bachelor's,Professor,24,1443545
41,Female,Master's,Statistician,6,909689
55,Male,PhD,Graphic Designer,4,744809
24,Female,Master's,Junior Developer,0,642352
54,Female,Master's,Healthcare Specialist,3,769406
36,Female,Master's,Customer Support Specialist,1,390437
56,Male,Master's,Data Analyst,8,938593
32,Female,PhD,IT Support Specialist,1,542893
48,Male,Master's,DevOps Engineer,6,1309278
48,Male,Bachelor's,Mechanical Engineer,7,931795
59,Female,PhD,Product Manager,21,2035749
31,Male,High School,Consultant,8,935332
32,Male,Bachelor's,DevOps Engineer,7,1243154
41,Female,Master's,Systems Administrator,9,1021733
38,Male,Master's,Biomedical Engineer,5,1015678
29,Female,High School,Junior Developer,3,500399
42,Female,Master's,Sales Manager,9,1138605
29,Male,Master's,Biomedical Engineer,5,1006605
48,Male,Bachelor's,Marketing Manager,7,893845
24,Female,Bachelor's,Intern,0,312003
59,Female,PhD,Lawyer,31,2488256
44,Male,PhD,Financial Analyst,8,1237380
44,Female,Master's,Sales Manager,12,980253
21,Female,Master's,Customer Support Specialist,0,455216
65,Male,Master's,Junior Developer,0,490774
64,Male,Master's,Security Engineer,21,1812729
33,Male,Bachelor's,Accountant,5,762063
27,Female,Bachelor's,Graphic Designer,3,504870
38,Male,Master's,Healthcare Specialist,3,683920
58,Female,PhD,Product Manager,24,2081514
24,Female,Bachelor's,IT Support Specialist,1,430249
25,Male,High School,Intern,1,323985
45,Male,Master's,Analyst,0,718318
42,Male,Bachelor's,HR Manager,6,816911
22,Male,Master's,IT Support Specialist,0,489857
28,Female,Bachelor's,Data Analyst,5,742338
35,Male,PhD,Customer Support Specialist,1,494782
64,Male,Bachelor's,Junior Developer,2,589603
59,Male,PhD,Civil Engineer,10,1163518
56,Female,PhD,Technical Writer,12,1061947
35,Female,Master's,Sales Manager,8,1009497
52,Male,High School,Operations Manager,22,1057783
35,Male,Bachelor's,Associate,2,636358
44,Female,PhD,Healthcare Specialist,3,953382
36,Male,PhD,Teacher,4,713136
23,Female,Bachelor's,Customer Support Specialist,0,348812
33,Female,Bachelor's,Product Manager,6,1236563
26,Male,Bachelor's,Customer Support Specialist,1,424569
48,Female,Master's,Consultant,17,1414245
38,Female,PhD,Electrical Engineer,7,1297165
27,Male,Master's,IT Support Specialist,0,484300
58,Female,Bachelor's,Economist,34,1468576
64,Male,Master's,Security Engineer,33,2016998
54,Male,Bachelor's,UX Designer,7,951666
31,Male,Bachelor's,Database Administrator,5,983242
21,Female,Master's,Junior Developer,0,597623
38,Female,Bachelor's,Security Engineer,5,1209971
37,Female,Bachelor's,UX Designer,3,791803
26,Male,Bachelor's,Business Analyst,4,925458
58,Male,High School,Lawyer,40,2018650
48,Male,Master's,Chief Financial Officer,18,2876591
46,Male,Master's,Machine Learning Engineer,17,1831853
60,Female,PhD,Lawyer,17,2139124
23,Female,Master's,Customer Support Specialist,0,402065
64,Male,Bachelor's,Director of Engineering,32,2481595
28,Female,Bachelor's,Junior Developer,4,514552
46,Male,Bachelor's,DevOps Engineer,5,1285153
26,Male,Bachelor's,Customer Support Specialist,1,446796
36,Female,PhD,Statistician,7,1077437
33,Male,Master's,Intern,1,468352
40,Female,Master's,Junior Developer,1,601435
40,Female,Master's,Data Scientist,5,1188507
51,Male,Bachelor's,Economist,24,1290521
64,Male,PhD,Senior Software Engineer,26,2646042
32,Male,Bachelor's,Accountant,5,731528
56,Female,PhD,Operations Manager,23,1632197
36,Female,Bachelor's,Customer Support Specialist,4,447280
59,Male,Bachelor's,Software Engineer,4,800373
65,Male,Bachelor's,Consultant,40,1582574
31,Male,Master's,Data Analyst,4,759057
51,Female,Master's,Software Engineer,3,1006299
59,Male,Master's,Economist,14,1273972
50,Male,Bachelor's,Product Manager,26,1540053
45,Female,PhD,Research Scientist,10,1342472
60,Male,Bachelor's,Machine Learning Engineer,20,1659050
44,Female,Bachelor's,Security Engineer,16,1502143
37,Male,Master's,Intern,1,391519
28,Male,Master's,Financial Analyst,2,938575
27,Male,Bachelor's,Customer Support Specialist,4,500815
49,Male,Master's,Technical Writer,12,1023519
23,Female,High School,Customer Support Specialist,1,297263
54,Male,Bachelor's,Electrical Engineer,8,1035192
43,Male,High School,Research Scientist,22,1017771
63,Female,Master's,Intern,0,402432
46,Female,Bachelor's,Senior Data Scientist,18,1573520
65,Female,Master's,Marketing Manager,7,943907
45,Female,PhD,Sales Manager,5,1195634
59,Male,Bachelor's,Product Manager,22,1307098
52,Female,Master's,Consultant,15,1342300
49,Female,Bachelor's,Chief Executive Officer,22,2802477
60,Male,Bachelor's,Marketing Manager,7,792450
42,Male,PhD,Associate,2,815963
47,Female,Master's,Architect,14,1205570
44,Male,Bachelor's,Sales Manager,7,866800
58,Male,PhD,Lawyer,27,2225553
34,Female,High School,Mechanical Engineer,13,879129
27,Female,Master's,UX Designer,3,877860
40,Male,PhD,Software Engineer,2,1178005
26,Female,PhD,Junior Developer,0,703316
40,Female,PhD,Project Manager,8,1248988
65,Female,PhD,Research Scientist,23,1548531
36,Female,Master's,Data Analyst,6,931773
58,Female,PhD,Junior Developer,0,697753
38,Male,Master's,Mechanical Engineer,5,952708
39,Male,PhD,Database Administrator,8,1341608
61,Female,Master's,Machine Learning Engineer,22,1878629
48,Male,PhD,Cloud Architect,19,2763780
65,Female,Bachelor's,Machine Learning Engineer,33,1557408
48,Female,Master's,IT Support Specialist,3,535002
51,Male,PhD,HR Manager,6,1050556
45,Male,Bachelor's,Intern,0,347633
40,Male,PhD,Security Engineer,7,1773611
56,Male,Bachelor's,Cloud Architect,29,2132677
60,Male,PhD,Chief Executive Officer,28,3955444
30,Male,PhD,IT Support Specialist,1,650291
56,Male,Master's,Senior Software Engineer,30,2543857
37,Male,Master's,Mechanical Engineer,8,973957
63,Male,High School,UX Designer,6,857734
59,Female,Bachelor's,HR Manager,8,795669
62,Female,Bachelor's,Chief Financial Officer,29,2345517
57,Male,Bachelor's,IT Support Specialist,4,470871
32,Male,PhD,Customer Support Specialist,3,519268
31,Male,Bachelor's,Associate,1,523839
22,Female,Bachelor's,Customer Support Specialist,0,392096
52,Male,Master's,Data Scientist,8,1476249
26,Female,Bachelor's,Junior Developer,1,524723
45,Male,Master's,Director of Engineering,20,2628488
37,Female,Bachelor's,Customer Support Specialist,3,455239
26,Male,Master's,Financial Analyst,2,969300
37,Male,PhD,Systems Administrator,7,1208698
45,Male,Bachelor's,Database Administrator,18,1258233
44,Male,Bachelor's,Analyst,1,680047
48,Male,PhD,Associate,2,717611
43,Female,Master's,Lawyer,15,2009752
41,Female,High School,HR Manager,9,669513
28,Female,Bachelor's,Healthcare Specialist,4,567545
56,Female,Bachelor's,Analyst,1,536396
43,Female,PhD,Product Manager,14,1722016
64,Male,Master's,Security Engineer,15,1467539
48,Male,Bachelor's,Analyst,2,607786
57,Male,PhD,Director of Engineering,22,3531221
31,Male,Bachelor's,HR Manager,7,840039
63,Male,PhD,Professor,27,1621070
45,Male,Master's,Analyst,1,697031
30,Male,Master's,Data Analyst,4,841312
38,Female,Master's,Machine Learning Engineer,14,1567837
34,Male,Master's,Intern,0,363697
33,Female,Master's,Marketing Manager,7,1054246
48,Male,Master's,Director of Engineering,16,2585432
28,Female,Bachelor's,Associate,3,518771
28,Male,Bachelor's,Analyst,1,593442
65,Female,Bachelor's,Software Engineer,9,1147841
36,Female,Master's,Architect,11,1468236
60,Female,PhD,Electrical Engineer,13,1363328
30,Female,Bachelor's,Systems Administrator,6,826470
52,Male,PhD,UX Designer,8,1315965
52,Female,Master's,Director of Engineering,20,2562809
59,Female,Bachelor's,DevOps Engineer,9,1211803
58,Male,Master's,Chief Financial Officer,22,2971197
43,Female,Bachelor's,Healthcare Specialist,3,722510
21,Male,Bachelor's,IT Support Specialist,0,438393
60,Male,Bachelor's,Security Engineer,15,1524439
29,Male,Bachelor's,Marketing Manager,6,911456
53,Female,Bachelor's,Architect,12,1147172
57,Female,Bachelor's,Technical Writer,13,771615
48,Female,Bachelor's,Software Engineer,13,1282752
44,Female,Master's,Junior Developer,1,650071
51,Male,Bachelor's,Director of Engineering,24,2479961
62,Female,Bachelor's,Operations Manager,32,1521631
61,Male,Master's,Consultant,22,1396296
62,Female,Master's,Vice President,25,2812741
61,Male,Master's,Lawyer,21,2211982
29,Male,Bachelor's,Associate,2,572111
54,Male,High School,Graphic Designer,4,418667
22,Male,Bachelor's,Customer Support Specialist,0,446898
39,Male,Master's,Data Scientist,7,1242340
41,Female,PhD,Architect,12,1317601
23,Male,Bachelor's,Associate,0,551924
33,Female,Master's,Project Manager,9,1118202
41,Female,Master's,Biomedical Engineer,9,1033756
53,Male,High School,Consultant,30,1385231
41,Male,Master's,Professor,17,1264990
23,Male,Bachelor's,Analyst,0,583435
29,Male,PhD,Customer Support Specialist,1,488980
35,Male,Master's,Business Analyst,4,867968
59,Male,Bachelor's,HR Manager,8,904762
38,Male,PhD,Project Manager,7,1245312
48,Female,PhD,Lawyer,10,1899024
39,Male,Master's,Teacher,2,689110
57,Male,Bachelor's,Research Scientist,22,1328770
33,Male,Master's,Financial Analyst,7,1026055
48,Male,Master's,Database Administrator,20,1539760
56,Male,Bachelor's,Product Manager,26,1682951
42,Male,PhD,Electrical Engineer,8,1506833
28,Female,Bachelor's,Associate,4,588097
51,Male,High School,Vice President,21,1703556
27,Female,Bachelor's,Teacher,3,621340
43,Male,Bachelor's,Consultant,10,1034726
54,Female,Master's,Chief Financial Officer,25,2367075
25,Male,PhD,Intern,0,392716
61,Female,PhD,Chief Financial Officer,21,3232814
62,Male,Master's,Director of Engineering,28,3074365
41,Female,Master's,Data Scientist,13,1362087
33,Female,Bachelor's,IT Support Specialist,0,379887
29,Female,High School,Teacher,4,436780
36,Male,Bachelor's,HR Manager,5,798512
52,Male,Master's,Cloud Architect,20,2431612
59,Male,Bachelor's,Architect,8,1077370
32,Male,Bachelor's,Healthcare Specialist,3,685466
40,Male,High School,Consultant,17,1083626
30,Male,Bachelor's,IT Support Specialist,4,478740
32,Female,PhD,Software Engineer,4,1225310
39,Male,Master's,Product Manager,14,1746629
53,Female,Master's,Professor,22,1263811
21,Male,Bachelor's,Customer Support Specialist,0,422400
35,Male,Master's,Healthcare Specialist,4,941921
50,Male,Bachelor's,Junior Developer,2,615730
34,Female,High School,Operations Manager,15,861277
26,Female,Master's,Analyst,1,565021
39,Female,Bachelor's,Senior Data Scientist,17,1894783
21,Male,Bachelor's,Customer Support Specialist,0,386410
29,Female,Master's,Analyst,0,632147
21,Male,High School,Junior Developer,0,453495
35,Male,PhD,Consultant,6,1380247
49,Female,Master's,Analyst,1,821627
50,Male,PhD,Accountant,8,882515
41,Male,Master's,Data Scientist,13,1434230
44,Male,Bachelor's,Graphic Designer,4,537462
27,Male,Master's,Customer Support Specialist,1,466325
29,Male,Master's,Junior Developer,0,622263
42,Male,Master's,Operations Manager,10,1347852
34,Male,Bachelor's,DevOps Engineer,9,1228688
49,Male,Master's,Professor,15,1330699
47,Female,PhD,Mechanical Engineer,10,1272916
38,Female,Master's,Security Engineer,8,1502353
38,Male,Master's,Database Administrator,8,1363712
29,Male,PhD,Customer Support Specialist,0,489701
51,Female,Bachelor's,Chief Financial Officer,22,2483482
40,Male,Bachelor's,Intern,0,367096
52,Male,PhD,Director of Engineering,22,2544263
63,Male,PhD,Marketing Manager,6,1105002
31,Female,Master's,Data Analyst,5,815708
53,Male,Master's,Senior Data Scientist,21,2444105
54,Male,Bachelor's,Chief Financial Officer,23,2629108
58,Male,PhD,Vice President,21,3344602
53,Male,Master's,Operations Manager,22,1596087
62,Female,Master's,Director of Engineering,28,2539852
53,Female,Master's,Operations Manager,23,1575200
30,Female,Bachelor's,Product Manager,5,1265562
21,Male,Master's,Junior Developer,0,632034
54,Male,High School,Chief Executive Officer,16,1927710
63,Female,Bachelor's,Vice President,33,2439988
26,Female,PhD,IT Support Specialist,0,535866
23,Female,High School,Junior Developer,0,476946
54,Male,Bachelor's,Research Scientist,20,1342225
51,Male,PhD,Data Analyst,5,930735
48,Female,Master's,Chief Technology Officer,17,2441060
47,Female,PhD,Vice President,18,2999021
35,Female,Master's,Analyst,2,685972
39,Female,Master's,Associate,3,787355
21,Female,Bachelor's,Intern,0,326591
31,Female,Bachelor's,Accountant,2,678532
41,Female,Bachelor's,Healthcare Specialist,4,711132
38,Female,PhD,Project Manager,10,1354512
55,Male,PhD,HR Manager,8,1092653
26,Male,Bachelor's,Graphic Designer,2,528417
21,Female,High School,Analyst,1,549682
45,Male,PhD,Senior Data Scientist,15,2562115
31,Male,Bachelor's,HR Manager,9,919881
45,Male,Bachelor's,Chief Technology Officer,16,2055652
44,Female,Bachelor's,Biomedical Engineer,5,809278
41,Male,Bachelor's,Intern,0,379628
53,Male,PhD,Director of Engineering,24,3204915
36,Female,Master's,Accountant,2,757404
29,Female,Bachelor's,Marketing Manager,6,964457
58,Male,Bachelor's,Cloud Architect,30,2213831
54,Female,Bachelor's,Chief Executive Officer,28,2441918
33,Male,Master's,Intern,1,467740
43,Female,Bachelor's,Chief Executive Officer,16,2466123
43,Male,PhD,DevOps Engineer,11,1566856
35,Male,PhD,Accountant,3,906224
27,Female,Bachelor's,Software Engineer,2,819638
27,Male,Master's,IT Support Specialist,3,582463
40,Female,Bachelor's,Lawyer,17,1801974
53,Female,PhD,Database Administrator,5,1274283
30,Female,Bachelor's,DevOps Engineer,7,1260439
64,Female,Master's,Associate,4,666487
43,Male,High School,Teacher,4,395099
24,Male,Bachelor's,Associate,0,515432
50,Female,PhD,Business Analyst,4,978025
36,Male,High School,Senior Software Engineer,11,1381641
54,Female,Bachelor's,Data Analyst,3,699800
21,Female,Bachelor's,IT Support Specialist,0,449903
50,Female,Bachelor's,Senior Data Scientist,19,2150208
53,Female,Bachelor's,Database Administrator,25,1159822
37,Male,Bachelor's,Customer Support Specialist,1,444438
26,Male,Bachelor's,Customer Support Specialist,4,503009
22,Female,Bachelor's,Intern,0,380827
22,Female,Master's,Analyst,0,607873
59,Male,Master's,Machine Learning Engineer,22,1760872
43,Male,Master's,Economist,12,1534814
51,Female,Bachelor's,Security Engineer,6,1134149
34,Male,Master's,Associate,1,634010
62,Male,Master's,Vice President,16,2543085
55,Female,High School,Intern,0,296414
30,Male,PhD,IT Support Specialist,1,628691
31,Female,Master's,Systems Administrator,7,879788
38,Male,High School,Senior Data Scientist,15,1797956
21,Female,Bachelor's,IT Support Specialist,0,447264
53,Male,Bachelor's,Data Analyst,6,767286
61,Female,Bachelor's,UX Designer,7,811662
53,Male,Bachelor's,Machine Learning Engineer,27,1914487
33,Female,Master's,Data Scientist,7,1406520
33,Male,Master's,Mechanical Engineer,7,989806
37,Male,Master's,Senior Software Engineer,11,2149794
53,Female,Bachelor's,Senior Data Scientist,30,2416076
31,Male,High School,Operations Manager,13,955909
21,Female,Master's,Associate,0,650180
53,Female,Master's,Lawyer,27,2259153
41,Male,PhD,Civil Engineer,12,1270430
59,Female,Bachelor's,Junior Developer,2,521707
49,Female,Master's,Customer Support Specialist,0,480101
46,Female,Master's,Professor,15,1279514
43,Female,Master's,Electrical Engineer,14,1213836
42,Male,Bachelor's,Senior Software Engineer,12,1772484
65,Male,Bachelor's,Chief Executive Officer,31,2866291
43,Male,PhD,Research Scientist,12,1547546
48,Female,Master's,Analyst,3,770449
40,Female,PhD,DevOps Engineer,9,1808334
54,Male,PhD,Machine Learning Engineer,22,2054886
30,Female,Bachelor's,IT Support Specialist,0,470826
27,Female,Master's,Customer Support Specialist,1,514328
65,Female,High School,Product Manager,28,1392913
41,Female,Master's,Associate,3,592170
59,Female,Bachelor's,Customer Support Specialist,0,389873
25,Female,Master's,Customer Support Specialist,1,463021
44,Female,Master's,Analyst,4,715761
63,Male,High School,Electrical Engineer,8,889184
52,Female,Master's,Data Scientist,12,1633642
43,Male,Bachelor's,Civil Engineer,6,935120
57,Male,Master's,Security Engineer,31,1997665
21,Female,Bachelor's,Customer Support Specialist,0,448445
41,Female,High School,Financial Analyst,4,713658
45,Female,PhD,Teacher,4,706081
46,Male,PhD,Mechanical Engineer,10,1365352
65,Male,Bachelor's,Chief Financial Officer,27,2337300
37,Female,Master's,Customer Support Specialist,0,379442
36,Male,Bachelor's,Electrical Engineer,13,1094725
49,Female,Master's,Product Manager,21,1600551
56,Female,Master's,IT Support Specialist,0,518898
51,Male,Master's,Senior Data Scientist,18,2479680
51,Female,Master's,Professor,10,1398067
64,Female,Master's,DevOps Engineer,11,1655986
23,Female,Master's,Associate,0,632630
62,Male,High School,Operations Manager,12,829928
25,Female,Bachelor's,Customer Support Specialist,0,450428
50,Male,Master's,Chief Technology Officer,15,2660436
63,Female,Bachelor's,Vice President,21,2136991
26,Male,Bachelor's,Accountant,4,737513
49,Male,PhD,Lawyer,18,1872942
33,Female,Bachelor's,Biomedical Engineer,8,1018791
44,Male,Master's,DevOps Engineer,5,1367581
64,Female,Master's,Accountant,2,688725
58,Female,Master's,Senior Data Scientist,22,2343963
59,Male,Bachelor's,Economist,17,1286536
64,Male,High School,Operations Manager,24,1222135
65,Female,High School,Chief Technology Officer,32,2229487
32,Male,Bachelor's,Data Analyst,9,772092
44,Female,PhD,Data Analyst,8,979818
55,Female,Bachelor's,Healthcare Specialist,2,669749
56,Female,Master's,Electrical Engineer,8,1212326
61,Male,Bachelor's,Technical Writer,10,644697
29,Male,Master's,Data Analyst,4,818965
33,Female,Master's,UX Designer,5,1110960
49,Female,Master's,Machine Learning Engineer,13,1569116
47,Male,Master's,Product Manager,13,1807576
32,Male,Master's,Graphic Designer,4,614567
55,Female,High School,Security Engineer,20,1485220
33,Male,Bachelor's,Associate,0,505332
43,Female,PhD,Chief Executive Officer,15,3103615
64,Female,Master's,Chief Executive Officer,34,3086218
27,Female,PhD,Analyst,0,737851
38,Female,Bachelor's,Accountant,9,694007
46,Female,Master's,Cloud Architect,13,1968095
62,Male,Bachelor's,Cloud Architect,39,2394031
31,Male,Bachelor's,Associate,2,597035
29,Female,Bachelor's,Customer Support Specialist,1,374813
53,Male,Bachelor's,Professor,23,1319413
42,Female,Bachelor's,Biomedical Engineer,9,1045529
28,Female,Bachelor's,Intern,0,357980
57,Male,PhD,Operations Manager,13,1714687
23,Female,High School,Customer Support Specialist,0,342999
28,Female,Bachelor's,Business Analyst,3,751112
22,Female,Master's,Analyst,0,613815
50,Male,High School,Database Administrator,16,961925
47,Female,PhD,IT Support Specialist,4,690775
26,Female,High School,Data Analyst,7,682237
33,Female,Bachelor's,Systems Administrator,6,768766
49,Female,Master's,Product Manager,21,1599999
54,Male,Bachelor's,Lawyer,23,1627951
65,Male,Bachelor's,Chief Technology Officer,30,2598012
25,Male,Bachelor's,Associate,0,569229
29,Female,Master's,Customer Support Specialist,3,497089
45,Female,Bachelor's,Systems Administrator,6,802923
48,Male,High School,Software Engineer,14,1050349
28,Female,Bachelor's,Sales Manager,5,901948
24,Female,Master's,IT Support Specialist,0,497471
47,Male,High School,Electrical Engineer,8,840374
31,Female,Master's,Customer Support Specialist,2,475117
63,Female,High School,Electrical Engineer,6,746597
35,Male,PhD,Database Administrator,6,1363563
59,Male,Bachelor's,Research Scientist,36,1651845
24,Male,Bachelor's,Analyst,0,517936
43,Male,Master's,Analyst,0,654203
63,Male,PhD,Economist,20,1423963
65,Male,Master's,Research Scientist,33,1762212
38,Female,Bachelor's,Senior Software Engineer,13,1676300
42,Female,PhD,Business Analyst,3,936509
23,Male,Bachelor's,Customer Support Specialist,0,400216
23,Female,Bachelor's,Analyst,0,543743
57,Female,Master's,Professor,13,1271541
48,Female,Master's,Biomedical Engineer,5,920614
46,Male,Master's,Database Administrator,14,1321137
41,Female,PhD,Statistician,9,1270206
52,Male,Bachelor's,Lawyer,14,1664611
59,Male,Master's,Research Scientist,16,1375319
51,Male,PhD,Software Engineer,14,1241254
49,Female,Master's,Security Engineer,23,1977557
43,Male,Master's,Network Engineer,7,1088627
35,Female,Bachelor's,Professor,11,881742
48,Female,PhD,Security Engineer,7,1761151
45,Male,Bachelor's,Senior Software Engineer,14,1905937
31,Male,PhD,Software Engineer,3,1033507
31,Female,Bachelor's,Marketing Manager,6,730570
61,Female,Bachelor's,Director of Engineering,33,2200540
39,Female,Bachelor's,Product Manager,11,1388669
58,Female,PhD,Consultant,26,1760370
28,Female,Master's,Teacher,4,609418
62,Male,Bachelor's,Database Administrator,38,1435337
54,Female,Master's,Operations Manager,25,1186550
46,Female,PhD,Associate,3,750703
39,Female,Master's,Database Administrator,7,1141972
23,Male,Master's,IT Support Specialist,0,461230
57,Female,Master's,Senior Software Engineer,24,2139938
48,Female,Master's,Statistician,6,974767
58,Female,Bachelor's,Machine Learning Engineer,25,1612053
48,Female,Bachelor's,Product Manager,9,1307508
35,Male,Bachelor's,Product Manager,9,1384976
57,Female,Bachelor's,Lawyer,10,1511627
29,Male,Bachelor's,Financial Analyst,6,833819
37,Female,Master's,Professor,10,1300545
54,Male,High School,Product Manager,7,1127301
36,Female,PhD,Consultant,7,1338240
60,Male,Master's,Security Engineer,36,2123841
21,Female,Bachelor's,Analyst,0,528316
60,Female,Bachelor's,Database Administrator,37,1429479
21,Male,Bachelor's,Customer Support Specialist,0,451652
37,Male,Master's,Project Manager,9,1337003
36,Female,PhD,Civil Engineer,5,1065410
29,Male,PhD,Analyst,0,641664
63,Female,Bachelor's,Intern,1,326923
45,Male,PhD,Data Scientist,6,1222396
50,Male,Bachelor's,UX Designer,3,903220
39,Female,PhD,Systems Administrator,7,1014132
22,Male,High School,Customer Support Specialist,3,362116
61,Female,Bachelor's,Product Manager,11,1310513
46,Male,Bachelor's,Director of Engineering,21,2502358
57,Male,Bachelor's,Data Scientist,5,1056089
47,Male,PhD,Database Administrator,9,1351300
21,Female,Bachelor's,Intern,0,326082
37,Female,PhD,Product Manager,7,1566734
25,Female,High School,Junior Developer,1,466633
49,Male,Master's,Lawyer,11,1704662
30,Male,Master's,Graphic Designer,2,624045
63,Male,Master's,Technical Writer,11,865773
43,Male,Bachelor's,Product Manager,20,1641931
37,Female,Master's,Systems Administrator,7,988529
27,Male,Master's,Data Analyst,2,781929
58,Male,Master's,Marketing Manager,13,1225445
29,Male,Master's,Business Analyst,3,842811
37,Male,Master's,Software Engineer,13,1567968
62,Male,Master's,Consultant,20,1488623
30,Female,High School,Marketing Manager,5,708742
62,Male,Bachelor's,Data Analyst,7,774494
59,Female,Master's,Database Administrator,31,1557056
44,Male,PhD,Cloud Architect,14,2159786
63,Female,Bachelor's,IT Support Specialist,3,431777
24,Male,Bachelor's,Teacher,2,494373
54,Male,Master's,Consultant,13,1512036
36,Female,Master's,Machine Learning Engineer,11,1677655
54,Female,Bachelor's,Consultant,21,1375386
25,Female,Master's,IT Support Specialist,1,514461
42,Female,PhD,Mechanical Engineer,5,1155433
28,Male,PhD,IT Support Specialist,0,541623
63,Male,Bachelor's,Product Manager,29,1451984
65,Male,Bachelor's,Software Engineer,3,902536
51,Female,High School,Chief Financial Officer,19,2172657
61,Male,Bachelor's,Machine Learning Engineer,14,1566843
47,Female,PhD,Accountant,3,935186
57,Male,Master's,Software Engineer,7,1272675
62,Male,Master's,Analyst,1,767164
37,Male,Bachelor's,Economist,14,1043041
58,Male,Bachelor's,Customer Support Specialist,1,441296
36,Male,High School,Project Manager,9,987260
21,Male,Bachelor's,IT Support Specialist,0,451756
37,Male,Master's,Customer Support Specialist,2,485956
61,Male,PhD,Chief Executive Officer,23,3437540
32,Male,Master's,Analyst,1,704037
61,Female,Master's,Research Scientist,19,1474091
47,Female,Bachelor's,Database Administrator,15,1238817
56,Female,Bachelor's,Consultant,7,1046444
52,Male,Master's,Vice President,15,2273422
24,Female,High School,Software Engineer,6,723355
32,Male,Master's,Teacher,4,616957
31,Female,Bachelor's,Teacher,3,528068
36,Male,PhD,UX Designer,2,1109473
35,Male,Master's,IT Support Specialist,3,565160
49,Male,Master's,Product Manager,24,1733450
46,Male,Master's,Chief Financial Officer,22,3117076
54,Male,Bachelor's,Senior Data Scientist,21,2127622
57,Male,Bachelor's,Vice President,35,2846797
31,Female,PhD,Intern,0,468370
46,Male,Bachelor's,Chief Technology Officer,21,2520800
36,Male,Master's,Data Scientist,7,1603236
54,Male,Master's,Senior Software Engineer,18,2139327
54,Male,Bachelor's,Data Scientist,6,1054127
40,Male,Bachelor's,Consultant,7,989552
45,Male,PhD,Financial Analyst,2,961359
32,Female,Master's,Project Manager,5,1192404
56,Male,Master's,Business Analyst,4,968986
45,Female,PhD,Intern,0,434360
49,Female,Bachelor's,Systems Administrator,7,850163
55,Male,Bachelor's,Professor,12,1281549
61,Male,Bachelor's,Senior Data Scientist,16,1759168
56,Male,Master's,Mechanical Engineer,6,960000
61,Male,Bachelor's,Senior Software Engineer,21,2023574
55,Male,PhD,Chief Financial Officer,16,2849844
33,Female,Master's,Security Engineer,8,1444760
42,Female,Bachelor's,Architect,11,1106084
58,Female,Master's,Marketing Manager,10,1180556
55,Male,Bachelor's,Mechanical Engineer,10,1050849
39,Male,Bachelor's,Marketing Manager,10,769126
31,Male,Bachelor's,Accountant,3,651855
23,Female,Bachelor's,Junior Developer,0,628014
63,Female,High School,Database Administrator,13,923949
29,Female,Bachelor's,Security Engineer,6,1211371
53,Male,Bachelor's,Marketing Manager,8,921338
50,Female,Bachelor's,Technical Writer,12,673370
25,Male,Master's,Associate,0,596990
52,Female,Master's,Chief Financial Officer,22,2492978
46,Male,Master's,Economist,16,1248676
23,Male,Bachelor's,IT Support Specialist,0,413044
64,Male,Master's,Chief Technology Officer,23,3234181
61,Male,Bachelor's,Product Manager,8,1155353
28,Female,Master's,Analyst,1,628630
60,Male,PhD,Consultant,6,1246867
28,Male,Master's,Associate,4,658945
30,Female,Bachelor's,Graphic Designer,2,454105
32,Male,Master's,Product Manager,8,1223547
55,Female,PhD,Cloud Architect,10,2156323
28,Female,Bachelor's,UX Designer,4,746507
64,Male,PhD,Operations Manager,19,1726267
45,Female,Bachelor's,Project Manager,10,1060768
32,Male,Master's,Analyst,0,737622
22,Male,Master's,Associate,0,629950
45,Female,PhD,Security Engineer,7,1699222
40,Female,Master's,Economist,11,1301449
54,Male,Master's,Data Scientist,9,1266468
63,Male,Bachelor's,Director of Engineering,16,2239481
32,Female,Bachelor's,Data Analyst,2,614760
52,Male,PhD,Software Engineer,7,1192219
50,Male,Bachelor's,Associate,0,500086
21,Female,Bachelor's,Customer Support Specialist,0,392242
45,Female,PhD,Accountant,8,824718
45,Male,Bachelor's,Cloud Architect,10,1857932
57,Female,Master's,Database Administrator,28,1421799
39,Female,Bachelor's,Cloud Architect,17,2228060
41,Female,Master's,Senior Software Engineer,10,1472665
63,Female,Master's,Chief Executive Officer,34,2904600
63,Male,PhD,Project Manager,5,1304019
46,Female,Bachelor's,Healthcare Specialist,3,714533
35,Female,Bachelor's,Technical Writer,11,682195
36,Female,Bachelor's,Security Engineer,10,1321389
51,Male,Bachelor's,Database Administrator,16,1108213
47,Female,PhD,Senior Software Engineer,13,2204204
42,Female,PhD,Senior Software Engineer,10,2120384
53,Male,Bachelor's,Security Engineer,17,1421483
24,Female,High School,Systems Administrator,6,696312
61,Male,Master's,Vice President,31,2871052
33,Female,Bachelor's,Financial Analyst,2,823404
25,Male,Bachelor's,Associate,0,552524
61,Female,Master's,Network Engineer,6,1087443
34,Female,PhD,Business Analyst,4,1033876
23,Male,Bachelor's,IT Support Specialist,0,392090
25,Male,Master's,Intern,1,376962
54,Male,Bachelor's,Marketing Manager,5,968263
45,Male,Bachelor's,Mechanical Engineer,14,1035542
61,Male,Bachelor's,Consultant,7,1079029
27,Female,Bachelor's,Customer Support Specialist,3,429358
63,Male,Master's,Chief Executive Officer,36,3398409
42,Female,Bachelor's,Senior Data Scientist,16,1880386
52,Male,PhD,Professor,10,1427258
43,Female,Master's,HR Manager,6,961459
36,Female,Bachelor's,Software Engineer,10,998649
23,Male,Master's,Customer Support Specialist,0,448602
50,Female,Master's,Operations Manager,16,1291620
25,Female,PhD,Customer Support Specialist,0,521693
36,Female,Master's,Customer Support Specialist,1,463309
22,Male,High School,UX Designer,3,674938
42,Female,Master's,Marketing Manager,6,952130
46,Male,PhD,Lawyer,14,2230893
23,Female,Bachelor's,Intern,1,314374
30,Male,PhD,Intern,1,427267
22,Male,Bachelor's,Intern,0,369020
57,Male,High School,Director of Engineering,25,1725375
59,Female,High School,Senior Software Engineer,34,1792981
63,Male,Master's,Sales Manager,9,1183102
43,Female,PhD,Professor,14,1477692
23,Male,Bachelor's,Analyst,0,599867
57,Male,Bachelor's,Mechanical Engineer,5,925470
48,Male,Master's,Business Analyst,2,871388
59,Female,Bachelor's,Economist,34,1279302
65,Female,Bachelor's,Director of Engineering,28,2251033
55,Male,Master's,Product Manager,8,1472214
55,Female,Bachelor's,Cloud Architect,33,2472271
61,Female,Bachelor's,Junior Developer,0,572690
25,Male,Master's,Intern,1,384437
39,Male,Master's,Business Analyst,3,889370
59,Male,Master's,Security Engineer,13,1547770
60,Female,PhD,Professor,26,1568425
49,Female,PhD,Intern,0,449131
23,Male,Bachelor's,Customer Support Specialist,1,430876
26,Female,Bachelor's,Software Engineer,4,910270
31,Male,Bachelor's,Teacher,3,608673
54,Female,Bachelor's,Chief Technology Officer,30,2866566
56,Male,Master's,Healthcare Specialist,4,815650
44,Male,PhD,Database Administrator,9,1260836
32,Male,Bachelor's,Financial Analyst,4,727593
23,Female,Master's,Associate,0,549192
27,Male,Bachelor's,IT Support Specialist,1,532733
50,Male,Master's,Civil Engineer,10,1064408
36,Male,Master's,Data Analyst,3,939680
65,Male,High School,Machine Learning Engineer,45,1608126
21,Male,Bachelor's,Intern,0,370385
54,Female,PhD,Professor,10,1560717
61,Female,Master's,Economist,21,1456096
32,Male,Master's,Graphic Designer,4,644400
32,Male,Bachelor's,Project Manager,7,907620
64,Female,Bachelor's,Junior Developer,1,604000
65,Female,PhD,Cloud Architect,32,2742077
37,Female,Bachelor's,Data Scientist,7,1128348
60,Female,PhD,Financial Analyst,4,937817
63,Male,Master's,Product Manager,15,1727718
24,Female,Bachelor's,Accountant,2,615044
59,Male,Master's,Security Engineer,10,1447550
47,Male,PhD,Customer Support Specialist,0,499897
29,Female,Master's,UX Designer,2,988691
62,Male,PhD,Associate,0,618668
54,Male,PhD,Database Administrator,13,1434605
21,Male,High School,Customer Support Specialist,1,328137
30,Male,Bachelor's,UX Designer,6,927702
28,Male,Master's,UX Designer,3,1031563
35,Male,Master's,UX Designer,6,1109036
36,Female,PhD,Accountant,7,869849
40,Female,Master's,Electrical Engineer,13,1394431
63,Female,Master's,Director of Engineering,26,2872453
44,Female,High School,Professor,22,1034667
64,Female,Master's,Machine Learning Engineer,26,1946105
46,Female,Master's,Financial Analyst,9,1025149
39,Male,Master's,Intern,0,387857
55,Female,Bachelor's,Database Administrator,30,1532079
44,Male,Master's,Research Scientist,15,1529336
62,Female,High School,Consultant,43,1111130
47,Female,PhD,Operations Manager,10,1350817
53,Female,High School,Teacher,4,493471
52,Female,Master's,Lawyer,20,1843537
62,Male,Master's,Professor,30,1504234
46,Male,Master's,Teacher,4,586078
59,Male,Master's,Consultant,29,1751144
54,Female,Bachelor's,Vice President,20,2330243
45,Female,Master's,Electrical Engineer,12,1265058
22,Male,Bachelor's,Junior Developer,0,529973
51,Female,Bachelor's,Healthcare Specialist,2,656965
56,Male,Master's,Chief Financial Officer,17,2564360
53,Male,Bachelor's,Research Scientist,24,1448588
34,Male,Bachelor's,Senior Software Engineer,12,1614062
38,Female,Master's,Healthcare Specialist,3,891551
21,Female,High School,IT Support Specialist,3,393109
30,Male,Master's,IT Support Specialist,0,587145
54,Female,Master's,Consultant,26,1642341
21,Female,Master's,Customer Support Specialist,0,439379
65,Female,Bachelor's,Database Administrator,39,1319534
64,Male,Bachelor's,Senior Data Scientist,16,1970254
37,Female,Master's,Architect,7,1123406
60,Female,Bachelor's,Chief Executive Officer,31,2985792
62,Male,PhD,Professor,13,1516069
50,Male,Bachelor's,Economist,15,1117921
44,Male,Bachelor's,Associate,4,617570
48,Female,PhD,Mechanical Engineer,11,1244380
65,Male,PhD,Senior Software Engineer,31,2803927
23,Female,High School,Intern,1,319643
26,Female,Bachelor's,Junior Developer,0,503849
43,Male,Bachelor's,IT Support Specialist,1,452543
40,Female,Master's,DevOps Engineer,9,1464281
45,Male,Bachelor's,Product Manager,12,1386291
28,Male,High School,Marketing Manager,8,682217
21,Female,High School,Financial Analyst,3,656781
34,Male,Bachelor's,Teacher,4,603162
59,Female,PhD,Professor,15,1414913
47,Female,Bachelor's,Marketing Manager,8,891616
29,Male,Master's,Financial Analyst,2,930888
51,Male,Bachelor's,Graphic Designer,4,590392
22,Male,Bachelor's,Intern,0,357087
29,Female,PhD,Customer Support Specialist,0,530426
36,Male,Bachelor's,Marketing Manager,11,953845
24,Female,Bachelor's,IT Support Specialist,0,439186
24,Female,Bachelor's,Financial Analyst,2,781003
39,Male,Bachelor's,Operations Manager,17,1144367
48,Male,Bachelor's,UX Designer,4,877838
21,Male,Bachelor's,Junior Developer,0,555410
58,Female,Master's,Chief Financial Officer,16,2570171
60,Male,Bachelor's,Chief Financial Officer,23,2454004
51,Female,Bachelor's,Chief Financial Officer,15,2412492
37,Female,Master's,Intern,1,444485
52,Female,Bachelor's,Chief Executive Officer,27,2680268
55,Male,Bachelor's,Chief Executive Officer,16,2724537
28,Female,PhD,Intern,0,407618
53,Male,Master's,Security Engineer,9,1693300
57,Female,PhD,IT Support Specialist,0,544992
57,Female,PhD,UX Designer,5,1074229
56,Male,Master's,Chief Financial Officer,30,3119966
60,Male,Bachelor's,Database Administrator,23,1213072
40,Male,Master's,Database Administrator,8,1135090
45,Female,PhD,Research Scientist,17,1510809
54,Male,Master's,Vice President,21,2667201
55,Female,PhD,Sales Manager,12,1404204
37,Female,Master's,Data Analyst,4,848796
39,Female,Bachelor's,Data Analyst,7,713812
25,Female,Bachelor's,Software Engineer,3,850590
28,Female,High School,Accountant,5,529682
42,Female,Bachelor's,Data Scientist,13,1138268
39,Male,Bachelor's,Electrical Engineer,7,983847
65,Female,High School,Chief Executive Officer,19,2048613
48,Male,Master's,Operations Manager,21,1552812
47,Male,Bachelor's,Chief Financial Officer,22,2534059
48,Female,Master's,Junior Developer,4,694556
37,Male,Bachelor's,Marketing Manager,6,876650
61,Female,Bachelor's,Research Scientist,16,1017048
26,Male,Bachelor's,Customer Support Specialist,2,378749
44,Male,Master's,Intern,0,399451
27,Female,Master's,Graphic Designer,2,519683
65,Female,Master's,Vice President,37,3012036
55,Female,Bachelor's,Database Administrator,20,1076410
44,Male,PhD,Product Manager,13,1890254
28,Female,PhD,Customer Support Specialist,0,493073
50,Female,Master's,Financial Analyst,7,1118605
51,Female,Bachelor's,Senior Software Engineer,26,1875461
39,Male,Bachelor's,Product Manager,12,1150675
51,Male,Master's,Operations Manager,26,1504145
36,Male,Master's,Database Administrator,12,1369063
52,Male,Bachelor's,Electrical Engineer,11,918005
42,Female,Master's,IT Support Specialist,4,586018
53,Female,Master's,Lawyer,20,1967317
32,Male,PhD,Intern,0,471331
40,Female,PhD,Financial Analyst,2,978629
56,Female,High School,Software Engineer,13,1002538
48,Female,Bachelor's,Director of Engineering,22,2369151
30,Female,Bachelor's,IT Support Specialist,3,423416
50,Female,Bachelor's,Research Scientist,20,1304682
38,Female,Master's,HR Manager,5,810483
42,Male,Bachelor's,Consultant,10,1067960
61,Male,Master's,Security Engineer,16,1651294
50,Male,Bachelor's,Architect,14,991210
23,Male,Bachelor's,Analyst,1,606326
51,Male,High School,Data Analyst,3,577649
39,Male,Master's,Financial Analyst,4,901553
53,Female,PhD,Electrical Engineer,8,1329646
47,Female,Bachelor's,Software Engineer,7,1023321
45,Female,Master's,Network Engineer,6,1022593
52,Male,PhD,IT Support Specialist,2,740397
21,Female,High School,IT Support Specialist,1,384952
38,Male,Master's,Statistician,8,1243754
48,Male,Bachelor's,Product Manager,5,1270810
52,Male,Bachelor's,Security Engineer,15,1381124
37,Male,Master's,Graphic Designer,3,629951
65,Male,Bachelor's,Senior Data Scientist,33,1933201
57,Male,Master's,Machine Learning Engineer,15,1900649
51,Female,PhD,Technical Writer,14,1069660
62,Male,Master's,Security Engineer,32,2111532
41,Male,Bachelor's,Product Manager,17,1437500
29,Male,Bachelor's,Electrical Engineer,7,833034
37,Female,PhD,Junior Developer,0,634809
24,Female,Bachelor's,Analyst,1,573286
24,Male,Master's,Analyst,0,745237
30,Male,Bachelor's,Data Scientist,5,1115282
54,Female,Master's,Cloud Architect,29,2363780
38,Female,PhD,Biomedical Engineer,7,1168169
37,Male,Bachelor's,Database Administrator,5,918339
35,Male,Bachelor's,Junior Developer,0,504013
30,Male,PhD,Intern,1,484153
24,Male,Master's,Analyst,0,557468
21,Female,Bachelor's,Associate,0,495782
38,Female,High School,Machine Learning Engineer,19,1312932
48,Male,Master's,Database Administrator,13,1412273
42,Male,PhD,Marketing Manager,11,1223292
49,Female,Master's,Marketing Manager,9,1023481
41,Male,Master's,Product Manager,6,1332598
22,Female,Bachelor's,Customer Support Specialist,0,366368
53,Female,Bachelor's,Product Manager,26,1217925
49,Female,Master's,Economist,23,1396179
31,Female,Bachelor's,Intern,1,381146
32,Male,PhD,Junior Developer,2,758709
37,Female,Bachelor's,Business Analyst,3,714534
26,Male,Bachelor's,Graphic Designer,4,544818
41,Female,Master's,Teacher,2,640755
30,Female,PhD,Customer Support Specialist,0,600229
57,Female,High School,Data Scientist,6,914561
65,Male,High School,Healthcare Specialist,3,681201
25,Male,Master's,IT Support Specialist,0,503330
32,Male,Master's,Intern,1,379760
34,Male,Master's,Marketing Manager,9,1024183
47,Female,PhD,Junior Developer,0,635095
47,Male,Master's,Accountant,8,866294
63,Male,Master's,Consultant,39,1761161
56,Female,Bachelor's,Consultant,31,1458031
23,Male,Master's,IT Support Specialist,0,538053
63,Male,Bachelor's,Lawyer,38,2021785
29,Female,PhD,Customer Support Specialist,0,416887
45,Male,Master's,IT Support Specialist,4,523941
37,Male,PhD,Junior Developer,2,800090
32,Female,Master's,Data Scientist,6,1355362
62,Male,Master's,Professor,19,1339455
60,Male,Bachelor's,Operations Manager,26,1348630
58,Female,Bachelor's,Senior Data Scientist,36,1970748
22,Female,Bachelor's,Junior Developer,0,555366
62,Male,Bachelor's,Database Administrator,33,1432944
25,Female,Master's,Junior Developer,1,658169
60,Male,Bachelor's,Consultant,28,1546778
34,Male,Master's,Mechanical Engineer,7,1113769
23,Female,High School,Data Analyst,2,547525
28,Male,Bachelor's,Intern,0,304056
54,Female,Bachelor's,Operations Manager,32,1403810
24,Male,Bachelor's,Analyst,1,598211
55,Male,Bachelor's,Customer Support Specialist,0,394977
22,Male,High School,Healthcare Specialist,4,655738
24,Female,Bachelor's,Analyst,1,639653
58,Male,Master's,Operations Manager,13,1329704
63,Male,Master's,Senior Data Scientist,27,2691622
51,Female,Bachelor's,Civil Engineer,11,884107
48,Female,Bachelor's,Financial Analyst,9,923576
46,Male,Master's,Junior Developer,1,664785
51,Male,Bachelor's,Product Manager,19,1448408
53,Female,Bachelor's,Cloud Architect,28,2174110
51,Female,Bachelor's,Database Administrator,28,1204024
65,Female,Bachelor's,Chief Financial Officer,27,2026258
29,Female,Master's,Intern,1,410711
55,Male,Bachelor's,Marketing Manager,14,1094406
47,Male,High School,Chief Technology Officer,27,2237827
30,Female,Master's,Electrical Engineer,5,1228226
57,Male,Master's,Senior Data Scientist,31,2630623
35,Female,Master's,Software Engineer,11,1203552
63,Female,Bachelor's,Chief Technology Officer,29,2703199
57,Male,Master's,Senior Software Engineer,15,2120354
51,Female,Bachelor's,Security Engineer,13,1412243
28,Female,High School,Business Analyst,2,643625
25,Male,Master's,Analyst,0,723288
64,Female,PhD,Director of Engineering,20,2730381
43,Male,Master's,Associate,1,642531
42,Female,Bachelor's,Associate,0,566288
25,Female,Master's,Analyst,0,668516
35,Female,PhD,Analyst,2,777213
29,Female,Master's,Software Engineer,5,1059828
33,Female,Master's,Consultant,8,1138152
22,Female,Bachelor's,Junior Developer,0,564914
49,Male,PhD,Civil Engineer,6,1007136
43,Female,Master's,HR Manager,9,884116
43,Male,Bachelor's,Security Engineer,20,1452599
23,Female,Bachelor's,Junior Developer,0,539510
21,Female,High School,Accountant,3,564062
55,Male,Bachelor's,Machine Learning Engineer,21,1644404
57,Female,High School,Consultant,19,1086498
39,Male,PhD,UX Designer,2,1029236
56,Female,Bachelor's,Database Administrator,17,1184125
34,Female,Master's,UX Designer,5,896804
59,Female,Master's,Product Manager,11,1574340
37,Female,Bachelor's,Accountant,9,697906
57,Female,PhD,Machine Learning Engineer,20,2060026
53,Male,Master's,Data Scientist,8,1161428
45,Female,Master's,Vice President,19,2783000
27,Male,Bachelor's,Project Manager,5,971477
57,Female,Bachelor's,Vice President,18,2187776
52,Male,Master's,Consultant,28,1712839
41,Male,PhD,Civil Engineer,5,1141943
60,Female,High School,Senior Data Scientist,42,1925529
64,Male,Bachelor's,Chief Technology Officer,22,2394682
22,Female,High School,Junior Developer,3,513912
50,Male,Master's,Accountant,2,682753
35,Male,Bachelor's,Operations Manager,11,1110225
62,Male,Master's,Machine Learning Engineer,19,1791759
26,Male,Bachelor's,Graphic Designer,4,510066
33,Female,Master's,Business Analyst,4,878982
56,Male,Bachelor's,Vice President,33,2761793
54,Female,Bachelor's,Database Administrator,9,1113607
49,Female,Master's,Marketing Manager,13,1333407
42,Female,Master's,Machine Learning Engineer,14,1687135
44,Male,PhD,Mechanical Engineer,10,1344929
41,Male,Master's,Chief Executive Officer,17,2950310
23,Male,Bachelor's,Customer Support Specialist,1,360827
61,Male,High School,Vice President,41,2347538
31,Female,Master's,Security Engineer,5,1431111
28,Male,Bachelor's,UX Designer,3,817389
48,Female,Bachelor's,Chief Technology Officer,23,2675327
31,Male,Bachelor's,Network Engineer,6,931761
64,Female,PhD,Database Administrator,35,1737519
53,Male,Bachelor's,Machine Learning Engineer,30,1525773
30,Female,Bachelor's,Database Administrator,5,890869
44,Male,Master's,Business Analyst,3,978700
46,Male,Master's,IT Support Specialist,1,517561
43,Female,Bachelor's,Lawyer,18,1584966
43,Male,Master's,Mechanical Engineer,13,1165728
40,Female,High School,Research Scientist,14,951978
57,Female,Master's,Director of Engineering,28,2413460
27,Male,PhD,IT Support Specialist,0,633425
50,Male,Master's,Research Scientist,19,1595104
49,Male,PhD,Network Engineer,7,1373635
27,Male,Bachelor's,Business Analyst,3,756121
44,Male,Bachelor's,Sales Manager,9,1159143
59,Male,PhD,Product Manager,30,2065620
59,Female,PhD,UX Designer,3,1017956
42,Female,PhD,Data Scientist,11,1614352
37,Male,Bachelor's,Graphic Designer,2,453429
43,Male,Master's,Network Engineer,5,934304
30,Female,Bachelor's,Software Engineer,2,849205
49,Female,Bachelor's,Consultant,16,1214458
65,Female,High School,Chief Executive Officer,18,2279632
43,Female,Master's,Statistician,5,1013794
37,Male,Bachelor's,Operations Manager,13,1054547
57,Male,Bachelor's,Chief Financial Officer,25,2686036
35,Male,PhD,HR Manager,6,1076354
47,Male,Bachelor's,Operations Manager,16,1074168
53,Male,Master's,Business Analyst,2,858664
28,Female,High School,Systems Administrator,9,715806
62,Male,Bachelor's,Research Scientist,22,1227289
57,Male,Master's,Project Manager,7,1220313
54,Male,Master's,Senior Software Engineer,29,2432653
61,Male,PhD,Senior Data Scientist,18,2765461
44,Male,Bachelor's,Security Engineer,7,1294242
52,Male,PhD,Civil Engineer,13,1151500
63,Male,Master's,Analyst,1,696942
35,Male,PhD,Civil Engineer,6,1026880
50,Male,High School,Civil Engineer,10,755519
34,Female,Bachelor's,Software Engineer,12,1010627
42,Male,Master's,Business Analyst,3,934611
32,Female,Master's,Marketing Manager,6,896652
39,Female,Master's,Teacher,3,510465
43,Male,Master's,Database Administrator,16,1470353
58,Female,Bachelor's,Mechanical Engineer,6,815510
47,Male,PhD,Product Manager,5,1756218
58,Male,Master's,Cloud Architect,30,2500261
38,Female,PhD,Associate,3,722245
55,Female,Master's,Professor,22,1379517
45,Male,Bachelor's,Customer Support Specialist,1,370787
47,Female,PhD,Product Manager,19,1994886
27,Male,Master's,Financial Analyst,2,882105
46,Male,Master's,Machine Learning Engineer,17,1445011
59,Female,Master's,Machine Learning Engineer,21,1720948
39,Male,Master's,HR Manager,9,962355
39,Male,Bachelor's,Intern,0,329101
42,Female,Master's,Research Scientist,12,1360583
41,Male,PhD,Data Scientist,11,1504900
65,Male,Bachelor's,Consultant,41,1522778
42,Male,Master's,IT Support Specialist,1,460330
65,Female,Master's,Database Administrator,8,1185151
39,Male,Bachelor's,Architect,5,971271
30,Female,PhD,Junior Developer,0,749798
22,Male,Master's,Junior Developer,0,623786
63,Female,Master's,Software Engineer,6,1085734
53,Female,Bachelor's,Economist,31,1414386
60,Female,Bachelor's,Lawyer,30,1751813
64,Male,Bachelor's,UX Designer,4,883693
46,Male,Master's,Project Manager,7,1175781
34,Female,High School,Analyst,0,499610
44,Male,High School,Accountant,2,619966
35,Female,PhD,Security Engineer,6,1533860
29,Female,Bachelor's,Accountant,7,748388
23,Female,High School,Teacher,4,471489
23,Female,Bachelor's,Junior Developer,0,541566
58,Female,PhD,Teacher,2,647498
56,Male,Bachelor's,Analyst,3,724294
49,Male,Master's,Associate,0,647604
31,Male,Bachelor's,Electrical Engineer,8,988716
34,Female,Bachelor's,UX Designer,3,716571
51,Male,High School,UX Designer,9,878529
56,Male,Master's,Financial Analyst,3,982913
52,Male,Bachelor's,Accountant,4,618761
46,Female,Bachelor's,Professor,22,1213869
27,Male,Master's,Analyst,3,698732
41,Male,Bachelor's,Database Administrator,11,1117043
46,Male,Master's,Professor,21,1398651
23,Male,PhD,Associate,0,744282
52,Male,Bachelor's,Economist,21,1436990
44,Female,Bachelor's,Mechanical Engineer,9,939998
44,Female,Bachelor's,Sales Manager,10,1099795
58,Male,Bachelor's,Cloud Architect,17,2015331
56,Male,Bachelor's,Intern,1,294064
53,Female,PhD,Chief Executive Officer,20,3430323
53,Male,Master's,Senior Data Scientist,29,2625978
21,Female,Bachelor's,Analyst,0,504283
40,Male,Master's,Intern,1,314676
49,Female,Master's,Lawyer,22,2063362
65,Female,Master's,Machine Learning Engineer,16,1530447
52,Male,Bachelor's,Cloud Architect,29,2009200
50,Male,High School,Data Analyst,2,615461
52,Male,PhD,Technical Writer,10,995218
48,Male,Bachelor's,Chief Executive Officer,21,2572420
50,Female,Bachelor's,Product Manager,6,1159005
57,Male,Master's,Analyst,4,736500
27,Female,Bachelor's,Intern,1,382613
58,Male,Bachelor's,UX Designer,8,1095467
34,Female,Master's,Analyst,0,702661
26,Male,High School,Accountant,8,648628
40,Female,Bachelor's,Product Manager,12,1247328
32,Male,Bachelor's,Junior Developer,1,542149
56,Male,Bachelor's,Systems Administrator,6,811821
56,Female,PhD,Director of Engineering,15,2683839
47,Female,PhD,Electrical Engineer,12,1320942
44,Male,Master's,Graphic Designer,4,669989
47,Male,Bachelor's,Graphic Designer,4,587064
57,Male,PhD,Consultant,17,1619365
33,Male,Bachelor's,Electrical Engineer,8,1095804
34,Male,Bachelor's,Associate,2,593500
30,Male,Master's,Junior Developer,4,688190
51,Male,Bachelor's,Customer Support Specialist,0,373222
21,Female,Bachelor's,Customer Support Specialist,0,404043
35,Female,Master's,Junior Developer,1,689825
41,Male,Master's,UX Designer,7,1196180
36,Male,Master's,Consultant,6,1124929
56,Female,Master's,Network Engineer,9,1228951
63,Male,Bachelor's,Chief Technology Officer,31,2694383
29,Female,Master's,Associate,1,537067
48,Male,Bachelor's,Customer Support Specialist,1,415332
53,Male,Bachelor's,Mechanical Engineer,10,943836
65,Female,Master's,Product Manager,27,1913852
50,Female,Master's,Financial Analyst,2,990229
23,Female,Bachelor's,Intern,0,363506
65,Female,Bachelor's,Database Administrator,8,862574
31,Male,PhD,Junior Developer,1,727272
50,Male,Master's,Associate,2,696264
27,Female,High School,Network Engineer,9,757504
28,Male,Bachelor's,Architect,5,943823
53,Male,Bachelor's,Vice President,29,2928313
40,Female,Master's,Data Analyst,6,856272
47,Male,High School,Software Engineer,6,917167
22,Male,High School,Teacher,2,414421
33,Female,Bachelor's,Architect,5,883454
33,Female,Bachelor's,Electrical Engineer,7,985114
57,Female,High School,Database Administrator,8,888241
55,Female,Master's,Consultant,13,1290749
46,Male,Master's,Chief Technology Officer,18,2790986
25,Male,Bachelor's,Customer Support Specialist,0,354301
40,Female,Master's,Research Scientist,14,1378597
36,Female,Bachelor's,HR Manager,7,818358
57,Male,High School,Cloud Architect,15,1474377
31,Female,Bachelor's,Junior Developer,3,616830
27,Male,Bachelor's,UX Designer,5,885292
38,Female,PhD,Intern,0,425734
63,Male,Master's,Marketing Manager,6,1079034
59,Female,Bachelor's,HR Manager,6,710485
22,Male,PhD,Analyst,0,776175
32,Female,Master's,Statistician,8,1202645
26,Male,PhD,Intern,0,471832
49,Male,PhD,Database Administrator,13,1292964
28,Female,Bachelor's,Systems Administrator,6,755465
50,Female,Master's,UX Designer,8,1157867
32,Male,Bachelor's,Analyst,1,641391
46,Male,High School,Associate,2,494512
28,Male,Bachelor's,Architect,5,1128059
65,Male,Master's,Database Administrator,25,1632749
23,Female,High School,Intern,1,273632
43,Female,Bachelor's,Data Scientist,5,965628
40,Male,Bachelor's,Economist,12,1019441
44,Female,Bachelor's,Senior Software Engineer,17,1846272
29,Female,Master's,Financial Analyst,5,987313
38,Male,Bachelor's,Analyst,1,626563
40,Male,PhD,Accountant,3,892293
39,Female,Master's,Consultant,15,1265875
22,Female,High School,Graphic Designer,4,399955
29,Male,Bachelor's,IT Support Specialist,1,465793
37,Female,PhD,Junior Developer,0,674680
31,Female,Bachelor's,Software Engineer,4,884659
35,Female,Bachelor's,UX Designer,7,1059912
35,Female,Bachelor's,Junior Developer,4,618779
52,Male,Bachelor's,Architect,7,1092960
34,Male,PhD,Associate,1,704797
52,Male,Master's,Project Manager,14,1467601
49,Male,High School,Chief Financial Officer,24,2409599
39,Female,Bachelor's,Economist,16,1154539
24,Male,Bachelor's,Customer Support Specialist,0,423115
62,Female,High School,Machine Learning Engineer,17,1360311
36,Male,Master's,Junior Developer,4,745406
36,Female,PhD,Customer Support Specialist,0,535431
30,Male,Master's,Intern,1,397534
54,Male,Master's,Operations Manager,12,1271322
39,Female,PhD,Intern,1,474004
60,Male,Master's,Lawyer,11,1837430
37,Female,Bachelor's,Systems Administrator,8,871132
53,Female,Master's,Security Engineer,27,1821041
48,Male,Bachelor's,Operations Manager,10,1127216
34,Female,Bachelor's,IT Support Specialist,1,403765
30,Male,PhD,IT Support Specialist,0,542684
43,Male,PhD,Biomedical Engineer,7,1255810
43,Male,Master's,Operations Manager,17,1320219
64,Male,Master's,Database Administrator,23,1341089
32,Male,Bachelor's,Network Engineer,6,991172
43,Male,Master's,Electrical Engineer,10,1224734
54,Female,Bachelor's,Senior Data Scientist,28,1947691
40,Male,High School,Operations Manager,13,849824
64,Female,PhD,Machine Learning Engineer,27,2169173
45,Male,PhD,Economist,10,1588302
46,Male,High School,Consultant,20,1046521
33,Male,Master's,Systems Administrator,5,976911
32,Female,Master's,Data Analyst,6,726505
51,Female,Bachelor's,Senior Software Engineer,14,1745251
31,Male,Master's,Data Analyst,4,792328
35,Male,Master's,Project Manager,9,1226113
31,Female,Bachelor's,Data Analyst,2,609396
52,Female,Master's,Product Manager,25,2088825
49,Male,Bachelor's,Professor,16,1224645
36,Male,Master's,Professor,11,1261128
47,Male,Bachelor's,Analyst,1,646484
57,Male,High School,Junior Developer,1,411111
28,Male,Bachelor's,UX Designer,6,893319
40,Male,PhD,Associate,2,730259
33,Female,Bachelor's,Network Engineer,9,1002584
34,Male,PhD,Intern,1,475728
31,Male,PhD,Analyst,1,713599
21,Female,Bachelor's,IT Support Specialist,0,441571
40,Male,PhD,Consultant,7,1450986
27,Male,High School,Sales Manager,8,751606
36,Male,PhD,Intern,1,448577
36,Male,Bachelor's,Research Scientist,13,1190701
60,Male,High School,Chief Technology Officer,32,2000770
54,Male,Bachelor's,Cloud Architect,19,2131553
43,Female,Master's,Product Manager,8,1517416
50,Male,Master's,Lawyer,21,2129491
29,Female,Bachelor's,IT Support Specialist,0,437203
47,Male,Master's,Product Manager,8,1421784
44,Female,Bachelor's,Chief Technology Officer,21,2529200
25,Female,Bachelor's,Junior Developer,2,575324
22,Male,Bachelor's,IT Support Specialist,0,467678
26,Female,Master's,IT Support Specialist,2,532076
32,Female,Master's,Software Engineer,7,1258030
60,Female,Master's,Chief Technology Officer,26,3344708
62,Male,Bachelor's,Consultant,31,1279405
42,Female,Master's,IT Support Specialist,2,507982
29,Male,Bachelor's,Data Analyst,4,616055
43,Male,Bachelor's,Lawyer,19,1728477
22,Female,High School,Junior Developer,0,494595
55,Male,PhD,Professor,26,1704111
28,Female,Master's,Analyst,4,760741
34,Male,Master's,Software Engineer,8,1010685
53,Male,Bachelor's,Electrical Engineer,6,1040376
59,Female,Master's,Mechanical Engineer,10,1421024
34,Male,PhD,Junior Developer,4,929640
47,Female,Master's,Associate,4,665645
41,Male,High School,Financial Analyst,4,680750
50,Male,PhD,Analyst,1,801494
32,Female,Master's,Network Engineer,7,1015255
35,Female,High School,Database Administrator,9,873913
54,Female,High School,Economist,28,1128645
55,Female,Master's,Operations Manager,17,1309124
36,Male,Bachelor's,Customer Support Specialist,1,394485
22,Male,Master's,Analyst,0,780907
45,Male,Master's,Analyst,3,739343
32,Male,Bachelor's,Sales Manager,5,925944
63,Male,High School,Director of Engineering,41,2346563
22,Female,High School,IT Support Specialist,0,389991
41,Female,Master's,Associate,1,640642
55,Male,Bachelor's,Professor,19,1107418
57,Female,Master's,Chief Technology Officer,22,2649294
23,Female,Bachelor's,Junior Developer,1,623466
56,Male,PhD,Research Scientist,10,1511797
52,Female,Bachelor's,Chief Technology Officer,25,2587474
47,Female,Master's,Database Administrator,11,1267202
28,Female,Master's,UX Designer,3,1077924
21,Female,Master's,Customer Support Specialist,0,450113
47,Female,Master's,Senior Software Engineer,21,2249613
23,Female,High School,Data Analyst,4,563821
48,Female,Bachelor's,Business Analyst,4,721651
53,Male,Master's,Vice President,18,2824032
28,Male,PhD,Analyst,0,843581
23,Male,High School,Financial Analyst,4,619121
58,Male,PhD,Junior Developer,3,829815
46,Male,PhD,Civil Engineer,5,1157247
21,Male,Bachelor's,IT Support Specialist,0,444498
42,Female,Bachelor's,Healthcare Specialist,4,765248
44,Male,PhD,Accountant,4,937611
62,Male,Bachelor's,Lawyer,25,1861615
64,Female,High School,Chief Executive Officer,45,3085385
45,Female,Bachelor's,Civil Engineer,11,907721
39,Female,Master's,Junior Developer,1,695067
62,Male,High School,Machine Learning Engineer,35,1665657
43,Male,High School,Mechanical Engineer,14,976601
46,Male,PhD,Lawyer,17,2146641
65,Male,Bachelor's,Operations Manager,29,1429205
44,Female,PhD,Project Manager,10,1276328
41,Male,Bachelor's,Professor,18,1183037
56,Female,Master's,Database Administrator,25,1496766
58,Female,Master's,Security Engineer,24,1821729
63,Male,Bachelor's,Senior Data Scientist,15,1813092
28,Male,PhD,Customer Support Specialist,0,550883
52,Male,Master's,Operations Manager,19,1567242
43,Male,PhD,Security Engineer,13,1380994
53,Male,PhD,Data Scientist,9,1598877
51,Female,Master's,DevOps Engineer,14,1417029
50,Female,Master's,Cloud Architect,17,2361840
24,Female,Bachelor's,Intern,1,338394
26,Male,Bachelor's,Software Engineer,4,958045
63,Male,PhD,Vice President,34,3535010
51,Male,Master's,Vice President,27,2898029
51,Female,Master's,Lawyer,20,2182659
64,Male,PhD,Security Engineer,30,1790878
34,Female,Bachelor's,Marketing Manager,11,1049394
54,Female,Master's,Lawyer,10,1752591
54,Male,PhD,Senior Software Engineer,24,2386864
32,Male,Master's,IT Support Specialist,3,580951
60,Male,Master's,Data Analyst,7,820924
42,Female,Bachelor's,HR Manager,7,834482
63,Male,High School,Product Manager,29,1506909
54,Female,PhD,DevOps Engineer,7,1426405
52,Female,Bachelor's,Associate,0,490953
24,Male,Master's,Customer Support Specialist,0,478742
46,Male,Master's,Research Scientist,17,1619529
65,Male,Master's,Chief Executive Officer,28,3211542
50,Male,Master's,Consultant,5,1246860
28,Male,Bachelor's,Junior Developer,1,628786
46,Male,Master's,Project Manager,13,1155641
64,Male,Bachelor's,Customer Support Specialist,4,448890
65,Female,PhD,Product Manager,15,2052400
41,Male,Master's,IT Support Specialist,1,532179
38,Male,Master's,UX Designer,6,1015660
42,Female,Master's,Customer Support Specialist,0,449648
60,Male,Bachelor's,Chief Financial Officer,37,2483726
47,Male,Bachelor's,UX Designer,2,834860
38,Female,Master's,Intern,0,361701
56,Male,Bachelor's,Chief Financial Officer,31,2778721
45,Male,Master's,Senior Software Engineer,14,1958276
57,Male,Master's,DevOps Engineer,9,1492689
61,Male,Bachelor's,Chief Technology Officer,38,3292101
28,Male,Bachelor's,Junior Developer,0,487039
53,Female,PhD,Mechanical Engineer,8,1233620
27,Male,Bachelor's,Junior Developer,1,636563
64,Male,Master's,Senior Software Engineer,38,2627103
58,Male,PhD,Cloud Architect,29,2864667
51,Female,PhD,Marketing Manager,8,1081972
46,Male,Master's,Customer Support Specialist,0,434890
39,Female,Bachelor's,Data Scientist,14,1288089
33,Female,Bachelor's,Business Analyst,3,718258
50,Male,Master's,Professor,19,1385626
44,Female,Bachelor's,UX Designer,2,806685
38,Female,Master's,Product Manager,10,1421519
44,Female,Master's,Sales Manager,9,1063395
65,Male,Bachelor's,Systems Administrator,7,791436
46,Male,Master's,Security Engineer,20,1771905
29,Male,PhD,Analyst,1,810129
34,Female,Bachelor's,Financial Analyst,9,953042
60,Female,Bachelor's,Research Scientist,13,1276439
32,Male,Bachelor's,Database Administrator,9,1056865
44,Male,PhD,Product Manager,13,1903416
54,Male,Bachelor's,Security Engineer,8,1397832
34,Female,Master's,Customer Support Specialist,1,472972
58,Male,Bachelor's,Chief Executive Officer,22,2747754
39,Male,PhD,Healthcare Specialist,4,1098409
23,Male,High School,Software Engineer,4,725380
50,Female,PhD,Data Scientist,8,1305563
37,Female,Bachelor's,Lawyer,14,1487667
52,Female,Bachelor's,Lawyer,15,1704960
50,Male,Bachelor's,Mechanical Engineer,10,972079
40,Female,Bachelor's,Network Engineer,9,1057564
29,Male,PhD,Junior Developer,1,687464
52,Male,Master's,Associate,1,664203
31,Female,Bachelor's,Mechanical Engineer,6,923117
65,Male,Bachelor's,Senior Data Scientist,18,2248518
43,Male,Master's,Statistician,6,1028576
54,Male,High School,Chief Technology Officer,36,2815019
30,Male,Bachelor's,Data Analyst,2,784710
64,Female,Master's,Sales Manager,14,1248938
46,Male,Bachelor's,Project Manager,6,908530
36,Male,PhD,Financial Analyst,3,1061832
54,Male,Master's,Product Manager,18,1918719
65,Male,Master's,HR Manager,6,998501
28,Male,Bachelor's,HR Manager,6,854152
58,Female,Bachelor's,Product Manager,10,1254928
54,Male,Master's,Software Engineer,14,1265437
52,Female,PhD,Machine Learning Engineer,13,2164480
62,Female,Master's,Product Manager,35,1737180
47,Female,Bachelor's,Research Scientist,24,1295285
39,Female,PhD,UX Designer,9,1193000
50,Female,PhD,Statistician,9,1234299
38,Female,PhD,Civil Engineer,9,1016759
44,Male,Master's,Director of Engineering,15,2384697
47,Female,Master's,Machine Learning Engineer,23,2107467
23,Male,Bachelor's,Junior Developer,0,561677
29,Male,Bachelor's,Sales Manager,5,1051685
44,Female,Bachelor's,Analyst,0,605699
26,Female,High School,Systems Administrator,6,661028
22,Male,Master's,Associate,0,632312
43,Male,Master's,Customer Support Specialist,1,441151
43,Male,High School,Consultant,16,937788
42,Male,Master's,Analyst,1,818758
22,Male,Master's,Junior Developer,0,659616
43,Male,Master's,Lawyer,17,2162616
44,Male,Master's,Analyst,4,852587
55,Male,PhD,Architect,5,1094211
26,Male,Master's,Customer Support Specialist,0,381108
23,Male,Bachelor's,Analyst,0,640196
39,Male,Bachelor's,Data Scientist,6,1063478
39,Female,Master's,Professor,13,1166958
47,Female,Master's,Marketing Manager,7,994952
28,Female,High School,Product Manager,6,948786
32,Male,PhD,Accountant,4,808091
36,Male,Master's,Research Scientist,10,1270870
26,Female,Master's,Customer Support Specialist,0,466841
57,Male,Bachelor's,Research Scientist,30,1533757
65,Male,Master's,Software Engineer,2,981904
49,Female,Master's,Healthcare Specialist,4,794568
63,Female,Master's,Chief Financial Officer,24,3275088
59,Male,Bachelor's,Customer Support Specialist,0,390279
23,Female,High School,Intern,0,261872
47,Male,Bachelor's,Financial Analyst,7,847144
57,Female,Bachelor's,Product Manager,28,1512961
33,Female,Bachelor's,Accountant,5,727123
36,Male,Master's,UX Designer,4,1185033
27,Male,PhD,Customer Support Specialist,0,509871
46,Male,PhD,Research Scientist,14,1708908
40,Male,Master's,Healthcare Specialist,3,698436
35,Male,PhD,HR Manager,5,1006257
59,Male,High School,Database Administrator,37,1289698
56,Male,Bachelor's,Chief Executive Officer,26,2548776
25,Male,Bachelor's,Business Analyst,3,664859
24,Male,PhD,IT Support Specialist,0,635051
27,Female,Bachelor's,IT Support Specialist,4,460473
63,Male,Bachelor's,Marketing Manager,10,1086591
30,Male,Bachelor's,Consultant,6,1192701
26,Female,Bachelor's,Healthcare Specialist,3,713659
32,Male,Bachelor's,UX Designer,6,930367
42,Male,Master's,Teacher,3,604920
32,Female,Bachelor's,Statistician,10,1024743
25,Female,PhD,Junior Developer,0,703868
59,Male,Bachelor's,Consultant,19,1373825
24,Male,Bachelor's,Accountant,2,572960
64,Male,Bachelor's,Cloud Architect,30,2051742
52,Female,Master's,Software Engineer,13,1144407
45,Female,PhD,UX Designer,5,1147652
57,Male,Master's,IT Support Specialist,1,516886
54,Male,Bachelor's,Analyst,2,691708
59,Male,Master's,Economist,15,1254002
48,Male,PhD,Mechanical Engineer,8,1278876
55,Male,PhD,Technical Writer,10,914985
48,Female,Bachelor's,Lawyer,18,1689539
58,Female,Master's,Operations Manager,10,1371711
53,Male,PhD,Senior Data Scientist,21,2749405
48,Female,Master's,Economist,19,1206693
60,Male,Bachelor's,Professor,23,1312608
30,Male,Bachelor's,Accountant,5,739833
33,Male,PhD,Healthcare Specialist,4,920497
39,Female,Master's,Consultant,6,1320707
46,Female,Master's,Architect,9,1187605
26,Female,PhD,IT Support Specialist,0,543044
62,Female,Master's,Systems Administrator,5,860578
47,Male,PhD,Statistician,10,1235505
28,Male,Bachelor's,Healthcare Specialist,3,730960
54,Female,High School,Research Scientist,13,923936
62,Female,High School,Accountant,3,476242
24,Male,High School,UX Designer,5,798262
65,Male,Bachelor's,Database Administrator,14,1145390
49,Male,Master's,Chief Executive Officer,21,3164403
40,Female,Master's,Product Manager,8,1558033
65,Male,Bachelor's,Cloud Architect,41,2225085
53,Female,PhD,Director of Engineering,19,2838995
49,Female,High School,Research Scientist,10,925654
59,Male,Master's,Consultant,10,1340766
48,Female,Master's,Professor,20,1449074
44,Female,PhD,Statistician,6,1210434
34,Male,Bachelor's,Customer Support Specialist,4,416443
29,Female,PhD,IT Support Specialist,1,584447
65,Female,High School,Senior Data Scientist,43,1946265
56,Male,Master's,Systems Administrator,5,878809
24,Female,High School,UX Designer,3,599310
28,Male,Bachelor's,Data Analyst,2,655286
61,Female,Bachelor's,Operations Manager,32,1224040
52,Male,Bachelor's,Civil Engineer,6,841185
51,Female,Master's,Product Manager,9,1542516
53,Female,Master's,Accountant,4,777483
48,Male,PhD,Database Administrator,18,1713874
22,Female,Bachelor's,Intern,0,354354
22,Female,Bachelor's,Analyst,0,520155
27,Female,Master's,Healthcare Specialist,2,739751
22,Male,Bachelor's,Associate,0,527461
23,Male,Bachelor's,Associate,1,512457
35,Female,Bachelor's,Junior Developer,2,536266
31,Female,Bachelor's,Accountant,4,566773
28,Female,Bachelor's,Data Analyst,3,641139
44,Female,Master's,Software Engineer,2,1032486
62,Male,Master's,Machine Learning Engineer,27,1932950
57,Male,Master's,Software Engineer,4,1218484
39,Female,Master's,Operations Manager,15,1294095
33,Female,Bachelor's,Junior Developer,1,570357
45,Male,Bachelor's,Data Scientist,13,1209473
40,Male,Master's,Database Administrator,16,1310431
45,Male,Master's,Business Analyst,4,872260
28,Male,Master's,Associate,0,606185
30,Male,Bachelor's,Junior Developer,1,602042
33,Male,Master's,Data Scientist,5,1220107
31,Female,PhD,Analyst,2,844680
58,Male,Bachelor's,Project Manager,14,1209861
30,Male,Master's,Analyst,1,757506
23,Female,Bachelor's,Analyst,0,576821
65,Male,Master's,Consultant,8,1158760
61,Female,PhD,Senior Software Engineer,31,2716274
40,Male,PhD,Civil Engineer,10,1155581
26,Female,Master's,Healthcare Specialist,2,756700
30,Male,PhD,IT Support Specialist,2,583597
58,Female,Master's,Technical Writer,14,909633
35,Male,PhD,Healthcare Specialist,3,832696
43,Female,Master's,Senior Software Engineer,13,1891457
51,Female,Bachelor's,Statistician,10,994092
64,Female,Bachelor's,Database Administrator,15,1195330
59,Male,Master's,Director of Engineering,33,2908606
65,Male,Master's,Director of Engineering,18,2490270
55,Female,Master's,Chief Executive Officer,26,3693185
35,Female,High School,Data Scientist,7,880763
23,Female,High School,Analyst,3,582836
26,Male,PhD,Analyst,0,861788
23,Male,Bachelor's,Analyst,1,674438
58,Female,Bachelor's,Lawyer,21,1933059
56,Male,High School,Network Engineer,7,658467
41,Female,Master's,Customer Support Specialist,4,476547
38,Male,Master's,Marketing Manager,11,1047171
35,Female,Master's,Security Engineer,11,1552708
22,Male,Bachelor's,Customer Support Specialist,0,379395
47,Male,Master's,Senior Data Scientist,16,2244103
25,Female,Bachelor's,Graphic Designer,2,481657
46,Male,PhD,Lawyer,16,2088044
46,Male,Bachelor's,Software Engineer,4,1006979
46,Male,Bachelor's,Healthcare Specialist,3,761198
52,Female,Bachelor's,Junior Developer,0,546044
41,Female,Master's,Product Manager,10,1513065
57,Male,PhD,Chief Technology Officer,27,3548794
40,Male,PhD,Project Manager,12,1514854
32,Female,Master's,Analyst,0,576642
34,Male,Bachelor's,IT Support Specialist,4,539634
59,Male,Master's,Consultant,33,1509139
47,Male,High School,Statistician,11,791022
41,Female,Master's,Cloud Architect,13,2007100
34,Male,PhD,Associate,1,650476
54,Female,PhD,Junior Developer,0,693531
65,Female,Master's,Senior Data Scientist,17,2316209
29,Female,Master's,Intern,0,324332
49,Male,Master's,Operations Manager,17,1419353
27,Female,Master's,Associate,1,625184
54,Male,Bachelor's,Professor,22,1193399
27,Male,Bachelor's,Intern,1,354460
50,Female,PhD,UX Designer,8,1172709
55,Female,Master's,Electrical Engineer,14,1232817
26,Male,PhD,Intern,0,387450
53,Male,Master's,Mechanical Engineer,9,1218941
33,Male,High School,IT Support Specialist,0,389208
28,Female,High School,Analyst,0,481377
65,Male,PhD,Consultant,15,1487963
55,Female,Bachelor's,Graphic Designer,4,539364
58,Male,Master's,Research Scientist,23,1835589
30,Female,PhD,Associate,0,773478
65,Female,Master's,Lawyer,39,2041989
37,Male,Bachelor's,IT Support Specialist,4,482444
33,Male,Bachelor's,UX Designer,6,863102
62,Male,Bachelor's,Consultant,39,1467122
24,Female,Master's,IT Support Specialist,0,567839
38,Male,PhD,IT Support Specialist,3,698362
41,Male,Bachelor's,Research Scientist,19,1204744
37,Male,Master's,Customer Support Specialist,0,449487
42,Male,Master's,Marketing Manager,12,1172203
23,Female,Bachelor's,Customer Support Specialist,0,382925
48,Female,Bachelor's,Project Manager,10,1178547
32,Male,Master's,Software Engineer,4,1148863
42,Male,PhD,Mechanical Engineer,8,1242624
35,Female,Master's,Product Manager,8,1402499
26,Female,Master's,Healthcare Specialist,2,665875
61,Female,Bachelor's,Cloud Architect,26,1792019
24,Female,Bachelor's,Customer Support Specialist,1,374824
35,Female,Bachelor's,Mechanical Engineer,12,843857
37,Female,Bachelor's,UX Designer,8,993327
24,Male,Bachelor's,Analyst,0,557708
57,Male,Bachelor's,Lawyer,32,2065335
33,Male,Master's,Civil Engineer,7,1071886
45,Male,PhD,Statistician,11,1471069
36,Male,PhD,Network Engineer,5,1067247
65,Female,Master's,Vice President,24,2733619
56,Female,PhD,UX Designer,6,1131559
58,Female,PhD,Data Analyst,5,836221
57,Female,PhD,Cloud Architect,21,2723004
37,Female,Master's,Consultant,6,1191763
60,Female,High School,Machine Learning Engineer,39,1555294
62,Female,Bachelor's,Cloud Architect,20,2190080
33,Male,Bachelor's,Network Engineer,9,764068
55,Female,High School,Cloud Architect,34,1812374
38,Female,Master's,Financial Analyst,9,1137981
21,Male,High School,Junior Developer,1,478197
51,Male,Master's,Economist,18,1475279
49,Female,Master's,Customer Support Specialist,2,456220
21,Female,Bachelor's,Associate,0,529822
60,Female,Master's,Consultant,22,1507604
62,Male,Master's,Database Administrator,17,1287213
43,Female,Bachelor's,Architect,9,991389
26,Female,Bachelor's,Customer Support Specialist,1,420183
63,Female,Bachelor's,Civil Engineer,6,986803
52,Female,Master's,Vice President,19,2907108
35,Female,Master's,Biomedical Engineer,7,1198955
59,Female,Master's,Cloud Architect,32,2196073
56,Male,Bachelor's,Research Scientist,33,1391271
41,Male,PhD,Mechanical Engineer,9,1380810
48,Female,Master's,Electrical Engineer,8,927079
23,Female,Bachelor's,Associate,1,550665
44,Male,Master's,Product Manager,10,1608871
61,Female,Bachelor's,Chief Technology Officer,24,2547371
54,Female,PhD,Lawyer,17,1964234
23,Male,Bachelor's,IT Support Specialist,1,417417
44,Female,High School,UX Designer,7,903286
62,Male,Bachelor's,Chief Financial Officer,24,2137635
53,Female,Bachelor's,Architect,8,1043411
26,Female,Master's,Junior Developer,1,575791
39,Female,Master's,HR Manager,8,1028216
56,Male,Bachelor's,Cloud Architect,29,2025838
59,Female,PhD,Software Engineer,9,1196766
35,Male,Master's,Statistician,9,1181407
54,Male,PhD,Economist,20,1609902
37,Female,PhD,Junior Developer,3,695207
37,Female,PhD,Financial Analyst,6,1088986
52,Male,PhD,Director of Engineering,16,3028604
40,Male,Bachelor's,Accountant,3,626102
52,Male,Bachelor's,Economist,15,1084738
31,Female,PhD,Associate,2,832515
49,Male,Bachelor's,Architect,7,1188163
56,Female,Bachelor's,Machine Learning Engineer,28,1572381
57,Male,Bachelor's,Director of Engineering,18,2413268
47,Female,Master's,Chief Executive Officer,20,2676327
39,Female,PhD,Data Analyst,8,968978
57,Male,Bachelor's,Senior Software Engineer,13,1819262
48,Female,PhD,Financial Analyst,7,1030148
64,Female,Master's,Senior Software Engineer,27,2439491
39,Male,Master's,Systems Administrator,6,1004870
39,Female,PhD,Customer Support Specialist,4,587024
34,Female,Master's,Software Engineer,2,1064920
45,Male,Bachelor's,DevOps Engineer,6,1197727
52,Male,Master's,Consultant,24,1673245
62,Female,PhD,Machine Learning Engineer,30,2560807
59,Female,PhD,Consultant,17,1468218
62,Female,Master's,Senior Software Engineer,29,2528182
40,Female,Master's,DevOps Engineer,6,1174693
26,Male,Bachelor's,Data Analyst,4,823711
51,Male,Master's,Marketing Manager,9,1161175
51,Female,Bachelor's,Director of Engineering,26,2590861
31,Female,Master's,Business Analyst,4,695737
57,Male,PhD,Data Scientist,14,1469223
46,Female,Bachelor's,Accountant,3,672019
26,Female,Master's,IT Support Specialist,1,493522
34,Female,Bachelor's,Analyst,1,543009
47,Female,Master's,Lawyer,13,1640062
44,Female,Master's,Technical Writer,13,804170
39,Male,Bachelor's,Biomedical Engineer,9,1046671
44,Female,PhD,Statistician,14,1325057
46,Male,Master's,IT Support Specialist,2,544889
54,Female,Master's,Consultant,23,1542097
57,Female,Bachelor's,Database Administrator,25,1109442
36,Male,Bachelor's,Marketing Manager,14,1137324
54,Female,Bachelor's,Operations Manager,22,1378302
24,Female,Bachelor's,Analyst,0,621572
37,Male,Master's,Analyst,0,694061
39,Male,Master's,IT Support Specialist,4,508465
42,Female,Bachelor's,Marketing Manager,7,800322
63,Male,PhD,Database Administrator,33,1793479
50,Male,Bachelor's,Graphic Designer,3,478235
33,Male,Master's,Junior Developer,1,619893
50,Female,Master's,Mechanical Engineer,11,1067889
59,Female,Bachelor's,Consultant,15,1218933
38,Male,Bachelor's,IT Support Specialist,1,486399
59,Female,PhD,Data Scientist,9,1608371
32,Female,Bachelor's,Data Scientist,9,1097493
31,Female,Master's,Sales Manager,5,1035177
46,Male,PhD,Research Scientist,15,1537761
45,Male,Bachelor's,Architect,8,1147252
37,Male,Master's,Professor,12,1292291
63,Male,Bachelor's,Chief Executive Officer,21,2838008
27,Female,High School,Consultant,9,881260
32,Female,PhD,IT Support Specialist,2,621122
34,Male,Bachelor's,Software Engineer,6,918142
35,Male,PhD,IT Support Specialist,0,582050
37,Male,Master's,Healthcare Specialist,2,821352
45,Male,Master's,Lawyer,19,1874318
50,Male,Master's,Financial Analyst,5,1109823
46,Male,Master's,Economist,18,1365854
43,Male,Bachelor's,Research Scientist,14,1301545
58,Male,Bachelor's,Professor,16,1281274
21,Female,High School,Data Analyst,3,585747
52,Female,High School,Chief Technology Officer,32,2063968
46,Male,Master's,Chief Executive Officer,22,3004395
54,Male,Master's,Research Scientist,11,1234319
21,Male,Master's,Customer Support Specialist,0,477387
57,Female,Master's,Vice President,26,2292079
25,Female,PhD,Junior Developer,0,685712
21,Male,High School,Data Analyst,3,563033
42,Female,Bachelor's,Customer Support Specialist,1,335628
60,Male,Master's,Senior Software Engineer,10,2177580
28,Male,Master's,Junior Developer,0,651697
44,Male,Master's,Consultant,9,1158843
38,Male,Bachelor's,Chief Executive Officer,15,2359335
33,Male,Bachelor's,Business Analyst,2,688206
52,Male,Bachelor's,Product Manager,7,1235502
46,Female,Master's,Vice President,21,2812975
28,Female,Bachelor's,Analyst,1,584062
45,Female,PhD,Cloud Architect,17,2687244
64,Male,Master's,Professor,40,1624885
58,Male,Master's,Chief Executive Officer,28,3540225
27,Female,Bachelor's,Product Manager,5,1155172
54,Female,Bachelor's,Consultant,16,1277925
64,Female,Bachelor's,Director of Engineering,16,2078371
45,Female,Bachelor's,Cloud Architect,15,1927072
35,Male,Master's,Customer Support Specialist,0,502047
34,Female,High School,Business Analyst,3,609530
52,Male,High School,Research Scientist,27,1253195
53,Female,Master's,Electrical Engineer,13,1135481
63,Male,Bachelor's,Research Scientist,40,1282081
56,Female,Bachelor's,DevOps Engineer,10,1249582
40,Male,PhD,Graphic Designer,3,734864
61,Male,PhD,Consultant,9,1460006
50,Male,PhD,Consultant,10,1617296
48,Female,High School,Operations Manager,22,1025662
42,Female,PhD,Associate,1,710966
56,Female,Master's,Intern,0,433462
49,Female,Master's,Electrical Engineer,9,1173200
43,Female,PhD,Mechanical Engineer,12,1264142
58,Male,Master's,Product Manager,13,1512554
53,Female,Master's,Civil Engineer,8,994853
60,Male,PhD,Statistician,12,1316194
35,Female,PhD,Graphic Designer,2,635905
57,Male,Bachelor's,Graphic Designer,2,559616
43,Male,Master's,Senior Software Engineer,15,2124187
28,Female,PhD,Customer Support Specialist,0,476782
27,Male,Master's,Analyst,1,721951
36,Female,PhD,UX Designer,2,1141270
62,Female,Bachelor's,Chief Financial Officer,35,2734775
42,Female,Bachelor's,Consultant,5,931492
58,Female,Master's,Research Scientist,22,1463804
64,Female,High School,Chief Executive Officer,32,2354624
58,Male,PhD,Sales Manager,13,1502184
52,Male,Bachelor's,Cloud Architect,20,1811595
55,Male,Master's,Associate,0,569757
50,Female,PhD,Analyst,1,691061
21,Female,High School,Graphic Designer,2,429640
33,Male,Bachelor's,IT Support Specialist,0,469447
52,Male,PhD,Chief Executive Officer,16,3114937
64,Male,Bachelor's,Director of Engineering,36,2544848
38,Male,PhD,Data Analyst,4,1010919
29,Male,Bachelor's,Data Scientist,5,990539
46,Male,PhD,Marketing Manager,5,1026148
42,Female,PhD,IT Support Specialist,4,673968
52,Female,Master's,Chief Financial Officer,15,2841594
36,Male,PhD,Consultant,5,1368594
43,Female,Master's,Analyst,4,761583
29,Female,PhD,Customer Support Specialist,0,450829
61,Female,Bachelor's,Technical Writer,11,789640
48,Female,Bachelor's,Chief Financial Officer,19,2471615
40,Female,PhD,UX Designer,8,1136078
56,Male,High School,Customer Support Specialist,1,371194
52,Male,High School,Security Engineer,15,1205828
46,Male,Master's,Database Administrator,21,1362430
65,Male,Master's,Machine Learning Engineer,31,1766746
29,Female,Bachelor's,Intern,1,329699
46,Female,Master's,Associate,3,730633
64,Male,PhD,Database Administrator,22,1686598
31,Female,Bachelor's,Architect,6,1011638
33,Female,Master's,Junior Developer,2,671257
24,Male,Bachelor's,Intern,0,373216
61,Female,Bachelor's,Operations Manager,25,1226320
29,Female,Master's,Analyst,0,651760
37,Male,PhD,Electrical Engineer,6,1369556
60,Female,Master's,Economist,30,1467668
59,Female,PhD,Database Administrator,15,1324323
40,Female,PhD,Mechanical Engineer,6,1098640
26,Male,Master's,Customer Support Specialist,1,500838
59,Male,Master's,Network Engineer,6,1111574
41,Male,Master's,HR Manager,7,1011474
61,Male,Bachelor's,Lawyer,14,1672934
58,Male,Master's,Lawyer,23,1964596
63,Male,Master's,Professor,34,1647930
61,Female,PhD,Database Administrator,7,1323786
55,Female,Master's,Customer Support Specialist,1,411672
37,Male,Master's,Business Analyst,3,864995
34,Male,Bachelor's,Consultant,11,1258820
34,Male,Bachelor's,Junior Developer,4,607092
26,Female,PhD,Intern,0,438567
22,Female,PhD,Customer Support Specialist,0,546820
60,Male,Master's,Healthcare Specialist,2,859872
48,Female,PhD,Senior Data Scientist,17,2637006
33,Male,Master's,Product Manager,8,1445184
61,Male,Bachelor's,Customer Support Specialist,2,353018
23,Female,Bachelor's,Customer Support Specialist,0,409761
60,Female,Master's,Analyst,1,777678
45,Male,Bachelor's,DevOps Engineer,8,1256667
39,Female,High School,Architect,6,736386
29,Female,Master's,HR Manager,5,882841
28,Female,Bachelor's,Teacher,2,480704
46,Female,Master's,Biomedical Engineer,5,996125
32,Female,Bachelor's,Software Engineer,8,890190
25,Male,Bachelor's,Business Analyst,3,752518
65,Female,Master's,Senior Software Engineer,23,2065588
45,Female,Bachelor's,Operations Manager,11,928114
40,Male,Master's,Accountant,5,885214
54,Female,Bachelor's,Consultant,23,1162957
56,Male,Bachelor's,Chief Financial Officer,26,2257027
26,Male,Bachelor's,Healthcare Specialist,4,767414
29,Female,High School,Teacher,2,452666
55,Male,PhD,Accountant,3,688781
40,Female,Master's,Biomedical Engineer,8,1118049
41,Male,Bachelor's,Software Engineer,3,986351
49,Female,PhD,Electrical Engineer,6,993026
21,Male,Bachelor's,Analyst,0,511931
43,Female,PhD,DevOps Engineer,12,1493347
47,Female,High School,Consultant,19,1191364
42,Male,PhD,DevOps Engineer,6,1618567
22,Female,Bachelor's,Intern,0,300845
27,Female,Master's,Analyst,0,584457
32,Male,Bachelor's,Graphic Designer,3,525482
27,Male,High School,Customer Support Specialist,3,364656
35,Female,Bachelor's,Systems Administrator,8,928827
61,Female,Bachelor's,Economist,36,1484664
38,Female,Master's,Data Scientist,6,1181823
54,Female,Bachelor's,Senior Software Engineer,25,1971146
58,Female,Master's,Cloud Architect,33,2641000
42,Female,PhD,Project Manager,8,1385938
55,Male,Bachelor's,Director of Engineering,21,2572885
44,Male,Master's,Data Analyst,5,754808
65,Female,PhD,Senior Data Scientist,15,2653743
56,Female,High School,Research Scientist,19,1064935
34,Male,Bachelor's,Electrical Engineer,7,1030695
65,Female,Master's,Chief Financial Officer,22,2991497
54,Female,PhD,Chief Technology Officer,20,2901653
37,Male,Master's,Professor,13,1191858
54,Male,Master's,Sales Manager,7,952485
48,Male,Master's,Machine Learning Engineer,15,1443569
57,Male,Bachelor's,Machine Learning Engineer,31,1915658
48,Female,PhD,Software Engineer,9,1216212
24,Female,Bachelor's,Customer Support Specialist,2,352947
62,Male,Master's,Architect,10,1253339
57,Female,PhD,Data Analyst,5,937310
59,Male,PhD,Systems Administrator,8,1202428
59,Female,Bachelor's,Consultant,35,1446584
64,Female,Bachelor's,Analyst,0,699857
49,Male,Master's,Chief Financial Officer,18,2963052
33,Male,PhD,IT Support Specialist,0,606819
52,Female,Bachelor's,Director of Engineering,20,2377501
46,Female,PhD,Lawyer,15,2265182
45,Male,PhD,Network Engineer,8,1497977
41,Male,PhD,Intern,0,455649
26,Female,Master's,Customer Support Specialist,1,489930
48,Female,Master's,Lawyer,22,2107988
22,Male,Master's,Intern,0,365686
58,Female,Master's,Senior Software Engineer,28,2335055
44,Male,Master's,Software Engineer,12,1272680
42,Male,PhD,IT Support Specialist,1,655783
32,Female,Master's,Consultant,7,1158768
55,Male,PhD,Network Engineer,6,1143375
40,Female,Bachelor's,Professor,17,1131472
21,Male,Bachelor's,Junior Developer,0,526785
53,Male,Master's,Professor,13,1254855
55,Female,Bachelor's,Product Manager,5,1071553
60,Female,Master's,Vice President,18,2779697
64,Male,PhD,Database Administrator,28,1998003
26,Female,Master's,UX Designer,2,728821
24,Male,Bachelor's,Junior Developer,1,466327
41,Female,Master's,Operations Manager,12,1467133
60,Male,Bachelor's,Senior Software Engineer,30,1888984
37,Female,PhD,Biomedical Engineer,6,1034152
33,Female,Bachelor's,Architect,8,1093699
35,Female,PhD,Mechanical Engineer,5,1088858
63,Female,High School,Cloud Architect,15,1724149
44,Male,Master's,Architect,11,1206695
27,Female,Bachelor's,Associate,0,549450
24,Female,High School,Software Engineer,3,810213
51,Female,Master's,Chief Executive Officer,20,3116786
37,Female,Master's,Project Manager,11,1253848
61,Male,PhD,Associate,3,745775
57,Male,PhD,Lawyer,18,2375462
35,Male,PhD,Healthcare Specialist,4,823758
51,Male,Master's,Consultant,18,1338814
49,Female,Master's,Product Manager,24,1466988
65,Male,Master's,Customer Support Specialist,3,466516
32,Female,Master's,Analyst,2,663660
49,Female,PhD,Teacher,2,701178
51,Male,PhD,Healthcare Specialist,4,831498
55,Male,Bachelor's,Consultant,9,1129299
44,Male,High School,Junior Developer,3,601046
57,Male,PhD,Consultant,18,1722954
24,Female,Bachelor's,Analyst,1,680741
22,Male,Bachelor's,Junior Developer,0,529180
22,Male,High School,Business Analyst,4,661566
42,Male,PhD,Accountant,9,962103
54,Female,PhD,Consultant,18,1477135
43,Female,Master's,Economist,10,1273912
65,Female,PhD,Data Analyst,8,1020133
64,Female,High School,Sales Manager,7,804060
28,Female,High School,Senior Software Engineer,10,1449582
50,Female,Master's,Product Manager,6,1385358
59,Female,Bachelor's,Machine Learning Engineer,18,1639521
50,Female,High School,Professor,23,1059477
49,Male,Bachelor's,Database Administrator,17,1263753
51,Male,Master's,Customer Support Specialist,0,519233
31,Female,Bachelor's,Financial Analyst,6,900612
51,Female,PhD,Consultant,19,1622666
60,Male,Master's,Machine Learning Engineer,33,2381772
64,Female,Master's,Vice President,25,2799162
55,Male,Bachelor's,Product Manager,23,1258599
50,Male,Bachelor's,Software Engineer,10,1110459
65,Female,High School,Research Scientist,23,1137616
52,Female,Bachelor's,Chief Technology Officer,27,2740218
22,Male,High School,Healthcare Specialist,3,608159
27,Female,Bachelor's,Customer Support Specialist,2,384409
41,Male,Bachelor's,Security Engineer,18,1543685
24,Male,High School,Junior Developer,3,513384
33,Male,Bachelor's,Associate,2,575831
28,Female,Master's,Financial Analyst,2,868492
46,Male,PhD,Junior Developer,0,776795
43,Male,Master's,Cloud Architect,11,1901509
53,Male,PhD,Director of Engineering,19,2792681
32,Female,High School,Product Manager,12,1141820
61,Female,Master's,Senior Software Engineer,22,2325639
65,Female,PhD,Chief Financial Officer,18,2928310
23,Male,Bachelor's,Associate,1,541845
48,Male,Bachelor's,Associate,1,542923
30,Female,Master's,Financial Analyst,4,1033691
60,Female,Bachelor's,Mechanical Engineer,9,1060081
28,Female,Bachelor's,IT Support Specialist,0,458735
33,Male,Bachelor's,UX Designer,4,878693
57,Male,Bachelor's,Product Manager,18,1670070
32,Female,Master's,Marketing Manager,8,1017287
58,Male,PhD,Consultant,20,1590541
46,Female,Bachelor's,Intern,1,338786
54,Female,Bachelor's,Technical Writer,14,703014
32,Female,PhD,Customer Support Specialist,3,601363
58,Male,Master's,Operations Manager,26,1409389
26,Female,PhD,Junior Developer,0,637504
46,Female,Bachelor's,Network Engineer,5,790261
31,Female,Bachelor's,Financial Analyst,5,824231
55,Male,PhD,Sales Manager,8,1168483
27,Male,Bachelor's,Junior Developer,0,449285
49,Male,Master's,Teacher,3,640805
39,Male,Master's,Security Engineer,9,1560260
31,Female,Master's,Junior Developer,2,571590
65,Female,Master's,Research Scientist,41,1865614
24,Male,Bachelor's,Intern,0,329512
36,Female,Master's,Financial Analyst,3,853231
58,Female,Master's,IT Support Specialist,1,574859
24,Female,Master's,IT Support Specialist,0,537780
42,Male,Master's,Electrical Engineer,14,1371205
41,Male,Master's,Software Engineer,7,1245090
51,Female,High School,Statistician,6,866565
36,Female,Bachelor's,Junior Developer,0,487449
48,Female,Master's,Consultant,24,1523969
46,Female,PhD,Software Engineer,5,1119096
55,Female,Master's,Chief Technology Officer,27,2719613
28,Male,Bachelor's,Analyst,1,598425
65,Female,Master's,Product Manager,20,1754617
53,Female,PhD,Electrical Engineer,12,1416472
41,Male,Master's,Operations Manager,13,1458772
39,Female,Master's,Machine Learning Engineer,13,1643585
45,Male,Bachelor's,Biomedical Engineer,6,787060
33,Male,Bachelor's,Business Analyst,2,769139
58,Male,Bachelor's,Director of Engineering,31,2692978
47,Male,Bachelor's,Lawyer,25,1717676
41,Male,PhD,Junior Developer,3,764621
52,Male,Master's,Software Engineer,3,1193482
46,Female,Master's,Financial Analyst,5,974408
60,Female,Bachelor's,Economist,37,1296578
27,Female,High School,Analyst,3,468993
45,Female,PhD,Machine Learning Engineer,17,2086959
36,Female,Bachelor's,Business Analyst,2,661422
42,Male,Master's,Project Manager,11,1388170
32,Female,Bachelor's,Systems Administrator,8,771181
22,Female,Bachelor's,Junior Developer,0,534776
29,Male,High School,Intern,0,313297
38,Male,Master's,Business Analyst,4,932601
32,Female,Bachelor's,Accountant,6,660661
30,Male,Master's,IT Support Specialist,4,550795
21,Male,Bachelor's,Analyst,0,598333
24,Female,Bachelor's,Intern,0,361313
35,Male,PhD,IT Support Specialist,0,511047
34,Female,Master's,Software Engineer,2,1014443
33,Female,High School,Software Engineer,10,983143
38,Female,High School,Associate,0,408191
25,Female,Bachelor's,Teacher,2,418811
25,Female,Master's,IT Support Specialist,1,547756
24,Female,Bachelor's,Associate,1,536887
27,Female,Master's,Intern,1,416272
28,Male,Bachelor's,Graphic Designer,4,520631
65,Female,PhD,Vice President,26,3149706
53,Male,Master's,Consultant,8,1140874
57,Male,PhD,Lawyer,22,2464874
62,Female,PhD,Data Scientist,6,1302641
46,Female,PhD,Chief Executive Officer,18,3500101
33,Male,Bachelor's,Research Scientist,11,1214274
26,Female,Bachelor's,Analyst,4,652889
62,Male,Master's,Economist,32,1703680
52,Male,PhD,Junior Developer,1,668292
32,Female,PhD,UX Designer,4,1153080
28,Male,Bachelor's,Teacher,3,572936
37,Male,Bachelor's,Teacher,2,481190
51,Female,Bachelor's,Project Manager,8,956716
32,Male,Bachelor's,Customer Support Specialist,2,437684
39,Female,PhD,Architect,10,1198914
56,Female,Bachelor's,Consultant,19,1152161
43,Male,PhD,Electrical Engineer,9,1358794
38,Female,Master's,Security Engineer,12,1323749
56,Female,Bachelor's,Chief Technology Officer,33,2603109
47,Male,Master's,Database Administrator,12,1340242
52,Male,Bachelor's,Senior Software Engineer,22,1879464
55,Male,PhD,HR Manager,5,851079
22,Female,Bachelor's,Customer Support Specialist,0,380497
39,Male,Master's,Analyst,3,775242
50,Male,Master's,Business Analyst,2,829728
33,Female,High School,IT Support Specialist,2,357460
58,Female,Master's,Economist,28,1658872
53,Female,Master's,Junior Developer,0,610993
41,Female,PhD,Technical Writer,11,893110
38,Male,Master's,Security Engineer,13,1490469
23,Female,Master's,IT Support Specialist,0,465810
37,Male,Bachelor's,Junior Developer,3,623770
35,Female,Master's,Sales Manager,11,1139485
55,Female,Bachelor's,Economist,25,1362382
56,Male,Master's,Sales Manager,5,990070
26,Female,Bachelor's,Customer Support Specialist,0,426075
36,Male,PhD,Business Analyst,4,1000960
44,Female,Master's,DevOps Engineer,14,1612166
50,Female,Bachelor's,Cloud Architect,28,2273050
21,Female,Bachelor's,Associate,0,473428
36,Male,Master's,Analyst,0,731609
43,Female,Bachelor's,Sales Manager,12,1029732
45,Female,Master's,Software Engineer,3,1111987
64,Female,Bachelor's,Chief Technology Officer,39,2567897
38,Female,PhD,Consultant,5,1257965
58,Female,Bachelor's,HR Manager,6,812042
46,Female,PhD,Systems Administrator,9,1331107
28,Male,Master's,Analyst,0,669608
48,Female,Master's,Senior Software Engineer,10,1950947
26,Female,Bachelor's,Financial Analyst,4,852114
34,Female,Master's,Customer Support Specialist,2,470798
55,Male,Master's,Statistician,6,1196722
32,Female,Bachelor's,HR Manager,6,699438
34,Female,Bachelor's,Business Analyst,2,615169
46,Male,Master's,Network Engineer,8,1205902
51,Female,Bachelor's,Chief Financial Officer,16,1984980
43,Female,Master's,Network Engineer,6,1113705
48,Female,Master's,Statistician,13,1299210
37,Female,Master's,Intern,0,396810
24,Female,Master's,Associate,0,653702
23,Female,PhD,Analyst,0,681877
25,Female,High School,Analyst,0,486134
29,Male,Bachelor's,Product Manager,7,1426437
36,Female,PhD,Data Scientist,8,1460067
61,Male,PhD,Analyst,4,946372
47,Female,PhD,Business Analyst,4,776171
64,Female,High School,Customer Support Specialist,2,272587
61,Male,PhD,IT Support Specialist,0,616656
40,Male,PhD,Financial Analyst,4,1237497
63,Male,Master's,Database Administrator,35,1788310
43,Female,Bachelor's,Senior Data Scientist,19,2065037
48,Female,Master's,Technical Writer,12,971984
32,Male,PhD,Intern,1,475856
62,Male,Bachelor's,Research Scientist,40,1386509
26,Female,Bachelor's,IT Support Specialist,1,467877
33,Male,High School,Consultant,15,1028227
55,Male,High School,Cloud Architect,35,2100961
25,Male,Bachelor's,Customer Support Specialist,3,443443
58,Female,PhD,DevOps Engineer,11,1675644
56,Male,Master's,Chief Technology Officer,22,3551304
62,Male,Bachelor's,Consultant,36,1609615
48,Male,Master's,Financial Analyst,9,1032048
26,Male,Master's,Customer Support Specialist,0,428906
55,Male,PhD,Senior Data Scientist,26,3208335
35,Male,High School,Machine Learning Engineer,17,1336172
55,Male,PhD,Product Manager,20,2209665
36,Male,PhD,Sales Manager,5,1097394
23,Female,Bachelor's,Intern,0,305184
30,Male,Master's,Accountant,6,922936
31,Female,PhD,Financial Analyst,2,908710
41,Male,PhD,Data Analyst,5,1028130
45,Male,Bachelor's,Project Manager,9,1068039
38,Female,Master's,Professor,10,1024338
21,Male,Bachelor's,Customer Support Specialist,0,412806
36,Female,PhD,Associate,1,774300
53,Female,Master's,Graphic Designer,3,565123
54,Female,Bachelor's,Statistician,12,848859
22,Female,Master's,Associate,0,633476
24,Male,Master's,Associate,0,602784
30,Male,Master's,Associate,1,633028
31,Female,Master's,Financial Analyst,4,984078
35,Male,PhD,Sales Manager,6,1210870
49,Female,PhD,Research Scientist,19,1583413
61,Female,Bachelor's,Machine Learning Engineer,38,1719297
22,Female,Master's,Junior Developer,0,534678
39,Male,Master's,DevOps Engineer,12,1435256
29,Male,Bachelor's,Junior Developer,0,574828
21,Female,Bachelor's,Junior Developer,0,565391
64,Female,Master's,DevOps Engineer,7,1373511
61,Female,PhD,UX Designer,9,1196580
34,Female,Master's,Business Analyst,2,899622
29,Male,Bachelor's,Electrical Engineer,5,879025
42,Male,Master's,Research Scientist,15,1638369
51,Male,Bachelor's,UX Designer,3,832629
44,Male,Bachelor's,Data Analyst,7,785822
33,Female,Bachelor's,Product Manager,11,1254804
58,Male,Master's,Machine Learning Engineer,30,2227523
55,Female,PhD,Electrical Engineer,12,1393452
38,Female,Master's,Architect,5,1167067
51,Male,Bachelor's,Electrical Engineer,14,1158752
32,Female,Bachelor's,Biomedical Engineer,8,1031541
34,Male,Master's,Financial Analyst,3,949610
40,Female,Master's,Analyst,2,708631
55,Female,Bachelor's,Consultant,30,1422304
30,Female,PhD,Analyst,0,796928
34,Male,Master's,Analyst,1,701331
34,Male,Master's,Graphic Designer,4,559890
57,Male,High School,Product Manager,24,1376745
62,Female,Master's,Cloud Architect,15,1946325
29,Male,High School,Security Engineer,9,1118077
37,Male,Bachelor's,HR Manager,7,825971
31,Female,Master's,Junior Developer,2,594283
63,Male,Master's,Lawyer,33,2234406
37,Male,PhD,Sales Manager,8,1411857
27,Male,Master's,Teacher,2,548707
54,Male,Bachelor's,IT Support Specialist,0,478294
21,Male,High School,Junior Developer,2,539309
51,Male,Master's,Chief Financial Officer,19,2628081
22,Male,Master's,IT Support Specialist,0,544612
54,Male,Master's,Chief Financial Officer,30,2463998
57,Female,Bachelor's,Economist,14,1112927
39,Male,Master's,Sales Manager,14,1168044
64,Male,Master's,Professor,23,1357689
58,Male,Master's,Database Administrator,16,1409593
47,Male,Bachelor's,Sales Manager,12,1196486
51,Male,Bachelor's,Product Manager,9,1377199
64,Male,Bachelor's,Chief Executive Officer,36,2586670
60,Male,Master's,Operations Manager,32,1636290
47,Female,Bachelor's,Vice President,20,2169574
63,Female,High School,Chief Financial Officer,19,2110133
31,Male,Master's,Intern,1,362271
62,Male,PhD,Operations Manager,31,1814921
58,Male,Master's,Sales Manager,11,1329362
34,Female,High School,Analyst,0,425492
28,Male,Master's,IT Support Specialist,1,562839
29,Female,Bachelor's,Product Manager,7,1136957
51,Male,Bachelor's,Research Scientist,10,1296943
52,Female,PhD,Research Scientist,23,1797954
49,Male,High School,Research Scientist,18,1123754
37,Male,PhD,Statistician,8,1252062
21,Male,Bachelor's,Intern,0,362828
37,Female,Master's,Intern,0,392212
49,Male,Bachelor's,Data Scientist,10,1201648
45,Male,Bachelor's,HR Manager,9,816287
37,Female,Master's,Business Analyst,3,860111
36,Female,Bachelor's,Healthcare Specialist,2,544677
34,Female,Master's,Associate,4,743821
35,Male,Bachelor's,IT Support Specialist,0,419541
31,Female,Bachelor's,Analyst,4,652851
22,Female,Bachelor's,IT Support Specialist,0,439155
38,Male,Master's,Systems Administrator,7,840677
65,Male,High School,Senior Software Engineer,14,1499851
34,Female,Master's,Intern,0,417217
26,Male,Bachelor's,Analyst,1,669380
62,Female,Master's,DevOps Engineer,11,1245612
24,Male,PhD,Customer Support Specialist,0,466731
56,Female,Bachelor's,Product Manager,8,1169908
59,Female,Master's,Analyst,1,730741
61,Female,Bachelor's,Director of Engineering,23,2125751
30,Female,Bachelor's,Junior Developer,2,523916
26,Male,Bachelor's,UX Designer,2,885713
31,Male,Bachelor's,UX Designer,5,891180
34,Male,Bachelor's,Electrical Engineer,10,1080343
50,Male,Master's,Junior Developer,4,631305
51,Male,Master's,Electrical Engineer,13,1421551
39,Female,Master's,Customer Support Specialist,0,481366
52,Male,High School,Architect,14,963391
31,Female,Bachelor's,Associate,0,565052
62,Female,Bachelor's,Operations Manager,37,1386797
56,Male,Bachelor's,Economist,28,1183927
61,Female,Bachelor's,Director of Engineering,38,2606285
31,Male,Master's,Business Analyst,2,866013
22,Male,Bachelor's,Intern,0,356682
29,Female,Bachelor's,IT Support Specialist,0,376664
29,Female,PhD,Junior Developer,0,694598
30,Male,Master's,Civil Engineer,5,1006151
57,Female,PhD,Senior Data Scientist,23,2830462
44,Female,Master's,Database Administrator,17,1363935
50,Male,PhD,Mechanical Engineer,6,1092441
30,Male,Bachelor's,Network Engineer,6,828789
61,Female,Master's,Technical Writer,14,941581
36,Female,Master's,Project Manager,6,1145796
38,Male,Bachelor's,Analyst,0,520568
36,Male,Master's,Mechanical Engineer,11,1078464
24,Female,Master's,Intern,0,370280
48,Male,PhD,Senior Software Engineer,11,2298766
28,Male,Master's,UX Designer,3,890606
59,Female,PhD,Chief Executive Officer,29,4132369
62,Male,Bachelor's,Intern,1,352795
22,Male,Bachelor's,Customer Support Specialist,0,415680
65,Male,PhD,Machine Learning Engineer,17,2064103
65,Male,High School,Customer Support Specialist,3,333336
62,Male,PhD,Data Scientist,9,1472346
57,Male,Master's,IT Support Specialist,4,514162
40,Male,Bachelor's,Software Engineer,5,951569
65,Female,Bachelor's,Cloud Architect,21,2027674
55,Female,Bachelor's,Database Administrator,20,1302089
64,Female,Bachelor's,Director of Engineering,27,2212666
30,Female,Bachelor's,Junior Developer,2,560622
59,Female,PhD,Associate,0,683280
27,Female,Bachelor's,Project Manager,5,853945
61,Male,High School,Chief Technology Officer,16,1929862
57,Male,High School,Machine Learning Engineer,38,1648481
35,Male,Master's,UX Designer,5,1010175
23,Male,Bachelor's,Customer Support Specialist,0,375491
50,Male,Bachelor's,Senior Data Scientist,24,2102757
52,Female,PhD,Associate,2,713608
65,Male,Bachelor's,Chief Financial Officer,43,2974667
45,Male,PhD,Technical Writer,11,1105860
59,Male,High School,Senior Data Scientist,21,1683647
42,Female,Bachelor's,Data Scientist,7,1182814
56,Female,High School,Senior Software Engineer,27,1596244
34,Male,Bachelor's,Analyst,4,616769
55,Male,High School,Cloud Architect,28,1746579
22,Male,Bachelor's,IT Support Specialist,0,424728
47,Male,Master's,Financial Analyst,6,974911
44,Female,PhD,Senior Software Engineer,15,2198017
50,Male,Bachelor's,Marketing Manager,13,1046512
43,Male,Master's,Project Manager,7,1155729
54,Female,Master's,Senior Software Engineer,20,2229167
44,Female,High School,Cloud Architect,16,1459291
56,Female,Master's,Director of Engineering,29,2652944
28,Female,Master's,Analyst,0,617279
45,Female,PhD,Consultant,9,1447633
36,Female,Master's,UX Designer,8,994991
51,Male,High School,Senior Data Scientist,27,1957038
23,Female,High School,Analyst,3,504324
48,Male,PhD,Systems Administrator,5,996517
44,Male,Master's,Director of Engineering,17,2678618
48,Female,Master's,Product Manager,17,1535920
56,Male,Bachelor's,Security Engineer,21,1444255
44,Female,Master's,Network Engineer,8,1043926
45,Male,Master's,Security Engineer,10,1373616
44,Female,Bachelor's,Financial Analyst,7,955615
58,Male,Master's,Research Scientist,27,1485823
25,Male,Master's,Associate,0,551477
37,Male,Master's,UX Designer,6,1128821
45,Male,Bachelor's,Statistician,7,892100
27,Male,Bachelor's,Junior Developer,1,531898
56,Male,Master's,Vice President,30,2661767
57,Female,Master's,Architect,5,1107762
43,Male,Bachelor's,Marketing Manager,13,1080836
37,Female,High School,Analyst,1,555032
39,Male,Master's,Financial Analyst,5,980990
32,Male,PhD,Healthcare Specialist,4,1002909
24,Male,PhD,Associate,0,677452
31,Male,High School,Database Administrator,13,973595
43,Male,PhD,Operations Manager,15,1516035
36,Male,Master's,Intern,0,383754
27,Male,Bachelor's,Healthcare Specialist,4,783921
57,Female,Bachelor's,Cloud Architect,17,1678856
53,Male,Bachelor's,Sales Manager,14,1199560
38,Male,High School,IT Support Specialist,1,385947
61,Female,High School,Accountant,6,530550
38,Male,Bachelor's,IT Support Specialist,3,510548
63,Male,Master's,Director of Engineering,35,2853320
55,Female,Bachelor's,Research Scientist,27,1394434
56,Male,Master's,Vice President,32,3433036
46,Male,Bachelor's,Graphic Designer,2,560794
53,Female,Master's,Vice President,29,2845533
33,Male,PhD,Junior Developer,0,770181
51,Male,High School,Junior Developer,4,515188
46,Female,PhD,Civil Engineer,14,1313287
45,Male,Bachelor's,Database Administrator,12,1221076
32,Male,High School,Consultant,5,866131
57,Female,PhD,Lawyer,20,2373491
53,Female,PhD,Product Manager,19,1985554
47,Male,Master's,Chief Financial Officer,20,2478266
56,Female,Bachelor's,Network Engineer,7,852792
65,Female,Master's,Cloud Architect,24,2272825
53,Female,Master's,Senior Data Scientist,23,2435054
43,Male,PhD,Software Engineer,7,1344404
27,Female,Bachelor's,Customer Support Specialist,0,374522
25,Female,PhD,Intern,0,390373
28,Female,Master's,Analyst,3,670108
57,Male,PhD,Product Manager,27,2082143
45,Male,PhD,Vice President,15,2857673
33,Male,PhD,Analyst,1,834363
37,Male,PhD,Consultant,9,1598645
48,Male,Bachelor's,Marketing Manager,10,965101
44,Female,PhD,Machine Learning Engineer,16,1726573
52,Male,PhD,Vice President,24,3363836
56,Female,Master's,Chief Financial Officer,31,2933995
54,Female,PhD,Research Scientist,22,1533981
55,Male,Bachelor's,Statistician,13,1023038
63,Male,Bachelor's,Database Administrator,17,1263066
32,Male,High School,UX Designer,5,854169
23,Female,High School,UX Designer,5,756307
50,Male,Master's,IT Support Specialist,2,565922
42,Male,Master's,IT Support Specialist,1,546336
21,Female,PhD,Analyst,0,835356
46,Male,Master's,Software Engineer,12,1388526
46,Female,Master's,Professor,11,1104829
39,Male,Bachelor's,Chief Financial Officer,16,2454957
44,Female,Master's,Associate,4,647268
29,Female,Bachelor's,Mechanical Engineer,6,845750
45,Female,Master's,Marketing Manager,14,1237703
45,Male,High School,IT Support Specialist,0,391498
43,Male,High School,Cloud Architect,11,1615682
41,Female,High School,HR Manager,6,653858
37,Female,Master's,Database Administrator,8,1052308
24,Female,Bachelor's,Junior Developer,2,515232
64,Male,PhD,Chief Technology Officer,23,3285352
33,Female,Master's,IT Support Specialist,2,511271
44,Male,Bachelor's,Vice President,15,2147189
40,Female,Master's,Research Scientist,10,1348853
62,Female,Master's,Chief Financial Officer,34,2936733
25,Male,Bachelor's,IT Support Specialist,0,452946
56,Male,High School,Lawyer,31,1756062
47,Male,PhD,Junior Developer,1,715300
44,Male,Bachelor's,Lawyer,21,1740339
54,Male,Master's,Economist,28,1683159
34,Male,Master's,Data Analyst,3,735869
64,Male,Bachelor's,Vice President,24,2435191
55,Male,Bachelor's,IT Support Specialist,3,457275
25,Female,Master's,Associate,0,615663
58,Female,Master's,Database Administrator,7,1086840
52,Male,Master's,Customer Support Specialist,0,525310
40,Female,Bachelor's,Chief Executive Officer,17,2145658
24,Female,High School,Intern,1,330137
35,Male,Bachelor's,Junior Developer,3,643382
33,Male,PhD,Associate,1,731970
33,Male,PhD,Financial Analyst,3,982715
61,Female,Bachelor's,Director of Engineering,24,2334415
40,Female,Bachelor's,Customer Support Specialist,1,400422
49,Male,Master's,HR Manager,6,994422
43,Female,PhD,DevOps Engineer,6,1296221
47,Male,PhD,Cloud Architect,18,2788993
45,Male,Bachelor's,Security Engineer,13,1518068
42,Male,High School,Teacher,3,429829
33,Female,Bachelor's,Data Scientist,6,1049138
23,Male,Master's,Associate,0,657298
48,Female,PhD,Associate,0,757398
42,Female,Bachelor's,Accountant,6,742854
31,Female,Master's,Financial Analyst,4,976259
29,Female,High School,Electrical Engineer,5,798051
35,Female,Master's,UX Designer,2,995260
36,Female,Master's,Software Engineer,3,1043646
60,Female,Master's,Sales Manager,8,1104322
53,Female,Master's,Director of Engineering,28,2578613
28,Male,Bachelor's,Analyst,1,674465
38,Male,PhD,Analyst,4,711152
55,Male,Master's,Lawyer,12,1630885
26,Male,Master's,Intern,0,375629
52,Male,Master's,IT Support Specialist,3,576473
47,Male,PhD,Product Manager,10,1980542
40,Female,Bachelor's,Director of Engineering,15,1949309
49,Female,Master's,Marketing Manager,14,1120053
52,Female,Bachelor's,Chief Technology Officer,28,2709883
61,Female,Master's,Professor,33,1429019
48,Female,High School,Cloud Architect,21,1578003
63,Male,Bachelor's,Data Analyst,5,703185
41,Female,Master's,HR Manager,9,1042975
56,Female,Master's,Analyst,1,702852
59,Female,Master's,Software Engineer,5,955553
45,Female,Master's,Chief Technology Officer,17,2692050
58,Male,Bachelor's,Analyst,0,535381
35,Female,PhD,Analyst,0,806428
31,Male,Bachelor's,Project Manager,5,1085014
50,Female,Master's,Senior Data Scientist,20,2468991
60,Male,PhD,Research Scientist,28,1819292
63,Male,High School,Product Manager,6,869753
25,Female,PhD,Customer Support Specialist,0,547391
61,Female,PhD,Professor,20,1565425
35,Female,Bachelor's,IT Support Specialist,3,451214
51,Male,Master's,HR Manager,6,938924
61,Female,Bachelor's,Database Administrator,10,1174413
38,Female,Master's,Intern,1,345201
29,Male,Bachelor's,Data Analyst,2,658446
63,Male,Master's,Marketing Manager,11,988486
34,Male,PhD,Customer Support Specialist,3,518796
50,Male,Bachelor's,Lawyer,27,1990210
43,Female,Master's,Product Manager,10,1517730
57,Male,Master's,Machine Learning Engineer,17,1885184
53,Male,Bachelor's,Lawyer,22,1532487
23,Male,Bachelor's,Analyst,1,614339
27,Male,PhD,Analyst,0,825211
29,Female,Master's,Customer Support Specialist,0,431779
56,Male,Bachelor's,Architect,14,1012271
51,Male,Bachelor's,Database Administrator,21,1265965
27,Female,Master's,Graphic Designer,2,592659
39,Female,Bachelor's,Data Analyst,9,747828
23,Female,PhD,Customer Support Specialist,0,508340
56,Female,Master's,Cloud Architect,12,2219367
37,Male,Bachelor's,Cloud Architect,14,1976115
46,Male,Master's,Chief Financial Officer,18,2923237
28,Male,Master's,Intern,0,415794
46,Female,PhD,Statistician,13,1278394
45,Female,PhD,Economist,12,1370264
48,Female,Master's,Software Engineer,8,1043894
52,Female,Master's,Cloud Architect,12,2060482
33,Female,Bachelor's,Research Scientist,11,1138022
54,Male,Bachelor's,Security Engineer,22,1822813
64,Female,Bachelor's,Financial Analyst,9,873807
63,Male,Master's,Data Scientist,12,1471827
59,Male,Bachelor's,Operations Manager,15,1080184
31,Female,Master's,Architect,7,1086866
48,Male,PhD,Professor,16,1455746
26,Male,Bachelor's,Customer Support Specialist,1,406472
60,Male,Bachelor's,Operations Manager,26,1473606
41,Male,Master's,Systems Administrator,5,1012507
49,Female,Master's,Software Engineer,9,1016039
65,Female,Master's,Software Engineer,3,1080751
51,Female,Bachelor's,Project Manager,7,797168
36,Male,Bachelor's,Architect,5,1065265
24,Female,Master's,Analyst,0,650170
53,Male,Master's,Research Scientist,24,1541114
49,Female,Master's,Sales Manager,5,1008363
45,Male,PhD,Lawyer,11,2074350
46,Female,Master's,Customer Support Specialist,0,382519
41,Female,Master's,Chief Financial Officer,15,2451403
30,Male,Bachelor's,Electrical Engineer,6,964972
60,Female,Bachelor's,Accountant,4,590518
32,Female,Master's,Data Analyst,3,847062
26,Male,Bachelor's,Graphic Designer,3,500565
50,Male,Master's,Lawyer,16,1956875
24,Female,Bachelor's,Customer Support Specialist,0,331051
60,Female,Bachelor's,Senior Software Engineer,26,1938439
31,Female,High School,Customer Support Specialist,3,383012
43,Male,Bachelor's,IT Support Specialist,2,503639
52,Female,High School,Mechanical Engineer,7,781167
31,Male,Bachelor's,Intern,1,341621
25,Male,PhD,Analyst,0,683336
36,Male,Bachelor's,UX Designer,5,995163
33,Female,Master's,Junior Developer,0,601701
46,Male,PhD,Economist,18,1794068
37,Female,Bachelor's,Healthcare Specialist,3,714218
22,Female,Bachelor's,Analyst,0,638471
59,Female,Bachelor's,Product Manager,15,1430867
49,Male,Master's,Chief Executive Officer,24,3020905
58,Male,Master's,Senior Software Engineer,19,2201859
35,Female,Master's,Machine Learning Engineer,10,1671014
25,Male,Bachelor's,IT Support Specialist,1,455072
54,Male,Bachelor's,Analyst,1,588490
39,Female,Bachelor's,UX Designer,2,956771
51,Male,Master's,UX Designer,6,1145857
46,Male,Master's,Sales Manager,8,928806
61,Male,Master's,Electrical Engineer,9,999163
34,Male,PhD,UX Designer,6,1304824
21,Female,Bachelor's,Analyst,0,572081
42,Female,Master's,IT Support Specialist,3,573244
53,Female,Bachelor's,Vice President,23,2407230
65,Female,Bachelor's,Mechanical Engineer,10,1097727
61,Male,Bachelor's,Consultant,24,1475706
38,Male,Master's,Analyst,3,743382
61,Male,Bachelor's,Chief Financial Officer,39,3478398
62,Female,High School,Junior Developer,0,393505
49,Male,Bachelor's,Electrical Engineer,10,1140420
37,Male,PhD,Data Analyst,8,906990
55,Female,Master's,Security Engineer,16,1774974
58,Female,Master's,Lawyer,15,1935045
53,Male,Bachelor's,Director of Engineering,31,2998810
28,Male,PhD,Intern,0,399599
46,Male,Master's,Data Analyst,4,831495
33,Female,Master's,IT Support Specialist,3,551497
55,Male,High School,Graphic Designer,2,519918
59,Male,Master's,Network Engineer,7,996373
43,Male,Bachelor's,Systems Administrator,5,796431
31,Male,Master's,Biomedical Engineer,6,1003404
59,Female,Bachelor's,Product Manager,28,1673780
36,Female,Master's,Analyst,0,588422
27,Male,High School,Project Manager,9,882173
48,Female,Bachelor's,Operations Manager,22,1269428
51,Male,PhD,Sales Manager,5,1288009
23,Male,Bachelor's,Customer Support Specialist,0,369120
58,Male,PhD,Security Engineer,30,2270455
41,Male,Bachelor's,Operations Manager,18,1316232
49,Male,Master's,Cloud Architect,20,2401516
59,Female,High School,Network Engineer,5,630934
49,Male,Bachelor's,Operations Manager,15,1189590
34,Male,Bachelor's,Graphic Designer,4,575291
60,Female,Bachelor's,Intern,0,372598
38,Male,PhD,Customer Support Specialist,0,542927
46,Male,Master's,Product Manager,14,1857950
31,Male,Master's,Accountant,6,711177
36,Male,Master's,Database Administrator,5,971876
61,Female,Bachelor's,Lawyer,39,1800563
56,Female,Bachelor's,Database Administrator,11,1144841
36,Female,Bachelor's,Intern,1,365689
24,Male,High School,Business Analyst,2,579720
31,Male,Bachelor's,Teacher,2,526409
57,Female,Master's,Consultant,20,1367454
59,Female,Bachelor's,Consultant,8,1088606
58,Male,Master's,Senior Software Engineer,27,2728799
33,Female,PhD,Biomedical Engineer,5,1188172
47,Male,Bachelor's,Data Analyst,3,706405
29,Male,Bachelor's,Analyst,1,659106
63,Male,Master's,Lawyer,34,2238453
63,Female,Master's,Machine Learning Engineer,30,2011364
44,Female,Master's,Accountant,2,749192
22,Female,Bachelor's,Analyst,0,545347
41,Female,Master's,Teacher,2,586769
31,Male,Bachelor's,Civil Engineer,6,1057708
60,Female,Master's,Cloud Architect,26,2464733
41,Male,Bachelor's,Cloud Architect,15,1658447
42,Female,Master's,Chief Technology Officer,18,2707647
46,Male,Master's,Chief Executive Officer,21,3118829
39,Female,Master's,Data Analyst,4,723528
24,Male,Master's,Intern,0,380695
41,Female,Master's,Database Administrator,13,1367990
49,Female,Bachelor's,Director of Engineering,20,2202660
50,Male,Master's,Financial Analyst,6,979399
25,Male,PhD,IT Support Specialist,0,601709
65,Female,PhD,Architect,14,1562510
32,Female,Bachelor's,Intern,0,349414
35,Male,Master's,Financial Analyst,4,903127
50,Female,PhD,Customer Support Specialist,4,478862
58,Male,Bachelor's,Intern,0,370145
36,Female,Bachelor's,IT Support Specialist,0,435926
60,Male,Master's,Accountant,5,835964
63,Male,Master's,Analyst,1,703824
52,Female,PhD,Professor,18,1578064
65,Female,PhD,Research Scientist,32,1828021
47,Female,Bachelor's,HR Manager,5,720057
46,Male,Master's,Economist,22,1359305
49,Female,Bachelor's,Database Administrator,8,1024919
28,Male,Master's,Intern,0,389027
41,Female,Bachelor's,Security Engineer,16,1400878
28,Female,Master's,Business Analyst,2,724501
42,Female,Master's,Cloud Architect,15,2400144
57,Male,Master's,Economist,24,1516984
21,Female,High School,Analyst,0,512222
29,Male,Bachelor's,IT Support Specialist,1,446461
26,Male,Master's,Associate,0,721796
36,Female,PhD,Junior Developer,1,827802
40,Female,Bachelor's,Business Analyst,3,818550
55,Male,Bachelor's,Lawyer,24,1828475
49,Male,Master's,Electrical Engineer,7,1014248
64,Male,Master's,Economist,26,1352034
47,Female,Master's,Research Scientist,10,1370488
37,Female,Master's,Sales Manager,11,1216404
63,Female,Bachelor's,Operations Manager,31,1247497
57,Female,Master's,Security Engineer,22,1743463
40,Female,High School,Mechanical Engineer,9,804644
62,Male,Master's,Professor,10,1182714
55,Male,Master's,Database Administrator,21,1458860
51,Female,Bachelor's,Cloud Architect,24,2332563
36,Male,Bachelor's,Accountant,2,692823
21,Male,Bachelor's,IT Support Specialist,0,461167
30,Female,High School,Customer Support Specialist,1,351086
43,Male,PhD,Data Analyst,4,918555
39,Female,Bachelor's,Associate,0,529630
50,Male,Bachelor's,Chief Technology Officer,25,2281425
43,Female,Bachelor's,Vice President,16,2188460
36,Male,Bachelor's,Statistician,10,996254
40,Male,Bachelor's,HR Manager,8,890331
31,Female,Bachelor's,Customer Support Specialist,0,349686
63,Male,Bachelor's,Senior Data Scientist,20,1988761
33,Female,PhD,Teacher,4,668555
50,Female,Bachelor's,Operations Manager,12,1237658
38,Female,PhD,Database Administrator,9,1437192
40,Female,PhD,Analyst,1,881499
22,Male,Bachelor's,Intern,0,368066
23,Male,Master's,Junior Developer,0,685430
56,Male,Master's,Operations Manager,10,1233785
21,Female,Bachelor's,Intern,0,345941
24,Male,Master's,IT Support Specialist,0,591579
64,Female,Bachelor's,Economist,20,1195765
60,Female,Master's,HR Manager,7,843655
30,Female,Master's,IT Support Specialist,4,525724
25,Male,Master's,Intern,1,425593
64,Male,High School,Cloud Architect,33,1832434
58,Male,Bachelor's,Customer Support Specialist,1,435808
49,Female,Bachelor's,Associate,0,524813
58,Female,PhD,Professor,19,1444228
61,Female,Bachelor's,Analyst,1,590946
22,Female,Bachelor's,Junior Developer,0,601666
56,Male,Bachelor's,Software Engineer,2,833824
57,Female,Bachelor's,Operations Manager,11,1011973
21,Female,Master's,Associate,0,656245
48,Male,Bachelor's,Lawyer,17,1607230
54,Male,Master's,Machine Learning Engineer,23,2050616
28,Male,PhD,Intern,0,440674
43,Male,Master's,Intern,0,400850
35,Male,PhD,Network Engineer,7,1148249
52,Female,Master's,Professor,16,1447810
39,Female,Bachelor's,Project Manager,14,1115584
39,Male,Master's,Mechanical Engineer,7,1074225
24,Female,High School,Data Analyst,4,619916
50,Male,Master's,Intern,1,387170
44,Female,PhD,Security Engineer,5,1597347
28,Female,Bachelor's,Architect,5,945079
60,Male,Bachelor's,Product Manager,29,1930611
56,Male,Master's,Economist,14,1432644
54,Male,Bachelor's,Product Manager,25,1372875
53,Female,PhD,Cloud Architect,23,2827855
55,Female,Master's,Security Engineer,26,1892133
30,Male,Bachelor's,Healthcare Specialist,3,711076
51,Female,PhD,Security Engineer,7,1550179
56,Male,Master's,Data Scientist,14,1503750
61,Male,High School,Database Administrator,24,1124369
64,Male,Master's,Chief Financial Officer,33,3357309
35,Female,Bachelor's,Project Manager,11,937691
34,Female,Bachelor's,Financial Analyst,2,774045
57,Female,PhD,Lawyer,13,1989433
41,Female,Master's,Database Administrator,17,1454826
37,Female,High School,Lawyer,16,1513795
45,Male,PhD,Analyst,2,841222
61,Female,Master's,Professor,20,1581294
51,Male,Bachelor's,Vice President,15,2471575
48,Male,PhD,Database Administrator,8,1294548
46,Female,PhD,Security Engineer,10,1728364
60,Male,PhD,Machine Learning Engineer,32,2523338
52,Male,High School,Cloud Architect,17,1493660
44,Male,Master's,Intern,1,364414
33,Male,High School,Machine Learning Engineer,13,1356260
59,Female,Bachelor's,Mechanical Engineer,5,823375
57,Male,Master's,Business Analyst,2,858842
62,Male,Master's,Research Scientist,38,1834241
33,Male,Master's,Graphic Designer,2,599485
42,Male,Bachelor's,Architect,6,848604
27,Female,Master's,Junior Developer,0,612670
50,Male,PhD,Consultant,15,1558588
53,Male,Bachelor's,DevOps Engineer,9,1081303
30,Male,Master's,Accountant,2,816548
31,Male,Master's,Business Analyst,3,734732
47,Female,PhD,Software Engineer,13,1414459
62,Male,PhD,Database Administrator,21,1849058
28,Female,Master's,Junior Developer,0,562701
49,Female,PhD,Senior Data Scientist,18,2646370
60,Male,High School,Statistician,11,828643
41,Female,PhD,Customer Support Specialist,0,449600
60,Female,PhD,Chief Executive Officer,29,3731037
57,Male,Master's,Professor,15,1265647
60,Male,Master's,Consultant,29,1640535
32,Female,Master's,IT Support Specialist,3,491871
59,Male,Bachelor's,Senior Software Engineer,35,2066035
41,Female,Master's,Lawyer,15,1778195
29,Female,Bachelor's,Intern,0,296935
43,Female,Bachelor's,Security Engineer,8,1134236
39,Female,Bachelor's,Economist,11,1181600
43,Female,Master's,Architect,5,1186696
28,Female,Bachelor's,Associate,0,497325
32,Male,Master's,Associate,2,659113
37,Male,Bachelor's,Research Scientist,11,1305067
57,Male,Bachelor's,Lawyer,18,1687815
33,Male,PhD,Associate,0,742467
34,Male,Master's,HR Manager,5,989959
34,Male,Bachelor's,Database Administrator,8,1060085
42,Female,Bachelor's,Mechanical Engineer,6,789089
54,Female,Master's,Project Manager,14,1260268
55,Female,PhD,Marketing Manager,8,1051832
60,Female,Master's,Data Analyst,3,819843
56,Female,Master's,Product Manager,20,1596551
57,Female,High School,Database Administrator,10,931610
41,Male,Bachelor's,Operations Manager,17,1051693
41,Male,Master's,Civil Engineer,14,1256630
23,Male,Bachelor's,Analyst,1,551414
42,Female,Master's,Marketing Manager,12,1035612
31,Male,Master's,Software Engineer,4,1156245
44,Female,Master's,Chief Executive Officer,16,2534738
38,Female,Master's,Financial Analyst,8,1032507
62,Male,Bachelor's,Database Administrator,17,1217616
60,Male,PhD,Operations Manager,26,1898625
44,Male,Master's,Chief Financial Officer,19,2657608
59,Female,High School,IT Support Specialist,1,372236
37,Male,Master's,Database Administrator,9,1284348
24,Male,Bachelor's,Junior Developer,1,606733
51,Male,PhD,Junior Developer,1,683816
29,Female,Master's,Associate,0,698489
55,Female,PhD,Data Scientist,11,1557568
57,Female,Bachelor's,Cloud Architect,30,2442057
49,Female,Master's,Economist,16,1304216
63,Female,Master's,Graphic Designer,4,605093
48,Male,PhD,Statistician,5,1147021
29,Male,High School,Lawyer,10,1319160
44,Male,PhD,Vice President,15,2822968
30,Female,PhD,Junior Developer,0,789794
33,Female,PhD,Junior Developer,0,637507
32,Male,Master's,UX Designer,7,1008389
27,Male,Bachelor's,HR Manager,5,758117
64,Female,Bachelor's,Product Manager,23,1362494
42,Male,Bachelor's,DevOps Engineer,12,1233724
37,Male,PhD,HR Manager,9,1028711
57,Female,Master's,Project Manager,5,1024731
26,Female,PhD,Intern,0,506852
34,Female,Bachelor's,Lawyer,11,1537262
24,Male,Master's,Analyst,0,617614
38,Male,PhD,Customer Support Specialist,0,567127
61,Male,Master's,Marketing Manager,5,872748
55,Male,Bachelor's,Database Administrator,28,1251295
37,Female,Master's,IT Support Specialist,0,456051
38,Male,PhD,Software Engineer,3,1195575
49,Male,Master's,Customer Support Specialist,4,525678
57,Male,Bachelor's,Cloud Architect,24,2010430
44,Male,Master's,Security Engineer,18,1686524
34,Male,Bachelor's,Business Analyst,2,745984
40,Female,Master's,Architect,5,1034423
41,Male,Bachelor's,Operations Manager,14,1122864
39,Male,Master's,Business Analyst,2,860203
46,Male,Master's,Professor,22,1623693
23,Female,High School,Junior Developer,3,470762
49,Female,High School,Professor,21,1113309
32,Female,Master's,IT Support Specialist,0,450820
58,Female,Master's,Mechanical Engineer,11,1158098
35,Male,Master's,Mechanical Engineer,8,1116896
41,Male,Master's,Marketing Manager,8,1098031
60,Female,Master's,Senior Software Engineer,22,1969679
25,Male,PhD,Junior Developer,0,700298
65,Male,Master's,Associate,4,759116
46,Female,Bachelor's,Electrical Engineer,6,865442
30,Female,Master's,Intern,0,407958
43,Male,Master's,Research Scientist,19,1503087
59,Female,Bachelor's,Director of Engineering,29,2338193
28,Female,Bachelor's,Intern,0,305435
46,Female,PhD,DevOps Engineer,11,1642935
65,Male,PhD,Operations Manager,29,1436084
54,Male,Bachelor's,Chief Technology Officer,16,2526779
64,Female,Master's,Chief Financial Officer,39,3156028
31,Male,Master's,Business Analyst,3,835562
23,Female,Bachelor's,Analyst,1,622838
65,Female,High School,Network Engineer,8,843841
56,Female,PhD,Financial Analyst,3,946306
58,Female,Master's,Product Manager,27,1808199
37,Female,Bachelor's,Machine Learning Engineer,11,1388648
41,Female,Bachelor's,Mechanical Engineer,13,1043743
48,Male,PhD,Architect,14,1495206
25,Female,Bachelor's,Junior Developer,0,519378
35,Male,Master's,Intern,0,435640
59,Male,PhD,Chief Executive Officer,24,3877005
31,Female,Bachelor's,HR Manager,8,830759
32,Male,Bachelor's,Junior Developer,4,561774
36,Male,High School,Architect,6,899103
62,Female,Master's,Project Manager,12,1386246
21,Male,Bachelor's,Associate,0,459513
37,Male,Bachelor's,Intern,1,353748
62,Female,Bachelor's,Security Engineer,15,1448241
49,Female,PhD,Operations Manager,11,1470730
52,Male,PhD,Teacher,3,677028
36,Male,Master's,Consultant,8,1328092
42,Male,Bachelor's,Civil Engineer,8,964442
59,Male,PhD,Research Scientist,19,1627002
48,Male,Master's,Lawyer,19,1969281
64,Male,Bachelor's,Machine Learning Engineer,31,1684560
52,Male,Bachelor's,Director of Engineering,24,2439716
43,Male,Master's,Chief Executive Officer,15,3002881
51,Female,Bachelor's,Director of Engineering,29,2561547
60,Male,Master's,Cloud Architect,35,2952672
50,Female,Master's,Chief Financial Officer,20,2889057
53,Male,Master's,Cloud Architect,27,2591474
63,Female,Bachelor's,Consultant,33,1510296
41,Male,Master's,Consultant,14,1426619
46,Female,Master's,Chief Executive Officer,20,2991330
25,Male,PhD,Associate,0,648010
46,Female,Master's,Sales Manager,13,1260828
21,Male,PhD,Associate,0,808931
38,Male,Master's,Statistician,6,1077375
51,Female,Master's,Data Scientist,11,1306825
61,Male,Master's,Healthcare Specialist,3,833087
43,Female,Master's,Senior Software Engineer,14,2121051
60,Male,Bachelor's,Senior Software Engineer,24,1860614
54,Male,Bachelor's,Cloud Architect,14,1739314
35,Male,Bachelor's,Junior Developer,3,611932
37,Female,Master's,Operations Manager,11,1108479
25,Male,Master's,Associate,1,639084
32,Female,Master's,Junior Developer,3,635292
45,Female,PhD,Operations Manager,14,1461872
59,Male,High School,Research Scientist,19,1036295
61,Male,PhD,Financial Analyst,9,1246408
38,Female,Master's,Accountant,5,793263
33,Male,PhD,HR Manager,5,1043948
33,Male,Master's,Accountant,9,967786
59,Male,PhD,Chief Technology Officer,30,3392658
37,Female,PhD,Project Manager,5,1100712
35,Female,Bachelor's,Customer Support Specialist,1,401756
53,Male,Master's,Chief Technology Officer,21,2657794
25,Female,PhD,Customer Support Specialist,0,453605
45,Male,High School,Software Engineer,6,890587
52,Male,High School,Director of Engineering,20,1856144
62,Female,PhD,Professor,23,1447362
39,Male,PhD,Network Engineer,5,1204982
29,Male,PhD,IT Support Specialist,1,651148
40,Female,PhD,Research Scientist,11,1646991
44,Male,PhD,Technical Writer,13,983434
45,Female,Master's,Project Manager,14,1322633
28,Male,High School,Data Scientist,7,1117410
40,Female,PhD,Business Analyst,4,1124271
23,Female,High School,Data Analyst,2,541663
54,Male,PhD,Senior Data Scientist,25,2954924
53,Male,Bachelor's,Data Analyst,2,653729
65,Female,Bachelor's,Security Engineer,36,1810539
27,Female,Master's,Analyst,0,637191
55,Female,PhD,Product Manager,18,1896747
37,Male,Master's,Accountant,2,788543
47,Male,Bachelor's,Junior Developer,4,562097
25,Female,PhD,Intern,0,441575
29,Female,Bachelor's,Teacher,3,532808
24,Male,Bachelor's,Software Engineer,2,790827
31,Male,Master's,Accountant,2,708276
35,Female,PhD,Junior Developer,0,669569
43,Male,Master's,Vice President,15,2635901
65,Male,Master's,Chief Executive Officer,38,3082534
48,Male,Bachelor's,Research Scientist,14,1236381
48,Male,Bachelor's,Senior Software Engineer,18,2035995
46,Male,Bachelor's,Accountant,3,584178
48,Female,Master's,Healthcare Specialist,4,777193
29,Male,Bachelor's,Product Manager,6,1141759
49,Male,Master's,Software Engineer,13,1303531
58,Female,Master's,Mechanical Engineer,5,1045025
27,Male,Master's,Junior Developer,3,698517
56,Female,High School,Research Scientist,19,1048476
42,Male,Master's,Machine Learning Engineer,12,1520574
21,Female,Bachelor's,Intern,0,356334
26,Female,Master's,Intern,1,434524
58,Male,Master's,Vice President,31,3162370
52,Male,PhD,Junior Developer,2,601223
34,Female,Bachelor's,Statistician,12,971770
23,Female,Bachelor's,Intern,1,373611
60,Female,PhD,Intern,0,425499
24,Female,Bachelor's,Intern,0,341655
24,Female,Bachelor's,IT Support Specialist,2,540695
34,Female,Bachelor's,Lawyer,10,1487479
35,Male,Master's,Business Analyst,3,828526
43,Male,Bachelor's,UX Designer,4,1019981
24,Male,High School,IT Support Specialist,3,404911
52,Male,Master's,Economist,27,1707794
48,Male,Bachelor's,Research Scientist,14,1203910
41,Female,PhD,HR Manager,5,1081034
46,Female,Bachelor's,Sales Manager,13,1020587
28,Female,PhD,Intern,0,437735
30,Female,Master's,IT Support Specialist,1,493490
23,Female,Bachelor's,Associate,0,539837
25,Female,Bachelor's,Accountant,2,573327
42,Female,PhD,Statistician,7,1115490
55,Male,Master's,Civil Engineer,7,913213
45,Female,Bachelor's,Lawyer,12,1357122
47,Female,Master's,Economist,10,1197337
64,Female,Bachelor's,Database Administrator,11,1148688
59,Male,Master's,IT Support Specialist,4,583245
43,Male,Bachelor's,Research Scientist,10,1202255
53,Female,Bachelor's,Consultant,25,1426622
21,Female,Bachelor's,Junior Developer,0,560682
32,Male,PhD,Financial Analyst,4,1181886
28,Female,Master's,Analyst,1,677726
30,Female,Master's,Analyst,1,626061
39,Male,Bachelor's,Technical Writer,13,822839
57,Male,Master's,Database Administrator,25,1102130
56,Female,Bachelor's,Director of Engineering,27,2038185
48,Male,PhD,Graphic Designer,4,722720
61,Male,PhD,Database Administrator,21,1643308
33,Male,PhD,Financial Analyst,3,974171
57,Female,Master's,Vice President,28,2792849
50,Female,Master's,Consultant,13,1428207
51,Female,Bachelor's,Junior Developer,1,558474
38,Female,Master's,Sales Manager,14,1167345
32,Male,Master's,UX Designer,8,1059544
31,Female,PhD,Analyst,1,909355
54,Female,Master's,Mechanical Engineer,8,1145829
46,Male,Master's,UX Designer,4,1070481
63,Male,Master's,Vice President,22,2636382
59,Female,High School,Database Administrator,19,1204979
36,Female,PhD,IT Support Specialist,3,605023
21,Male,High School,Customer Support Specialist,3,381352
37,Male,Master's,Project Manager,9,1300439
23,Female,Bachelor's,Customer Support Specialist,1,360503
55,Female,PhD,Marketing Manager,10,1104541
31,Female,Bachelor's,Junior Developer,4,482829
58,Male,High School,Operations Manager,18,1051498
60,Male,Bachelor's,Operations Manager,21,1196209
24,Male,Bachelor's,IT Support Specialist,0,459435
56,Male,Bachelor's,Chief Executive Officer,31,2774857
52,Female,Bachelor's,Consultant,24,1336515
50,Female,Bachelor's,Architect,8,969135
49,Female,Master's,Project Manager,6,1008483
49,Male,High School,IT Support Specialist,2,404951
60,Male,Master's,Consultant,7,1167722
30,Female,Master's,Graphic Designer,3,532348
29,Female,Bachelor's,Junior Developer,3,560923
38,Male,PhD,UX Designer,7,1308665
22,Male,Bachelor's,IT Support Specialist,0,413270
22,Male,Bachelor's,Junior Developer,0,527247
46,Male,Master's,Customer Support Specialist,1,473103
48,Male,Bachelor's,Economist,15,1249830
26,Male,Bachelor's,IT Support Specialist,1,393541
46,Male,Bachelor's,Junior Developer,0,532532
59,Female,Bachelor's,Data Analyst,2,643200
52,Female,Bachelor's,Operations Manager,14,1173648
27,Male,Bachelor's,Customer Support Specialist,1,380806
21,Male,Bachelor's,Customer Support Specialist,0,341875
59,Male,Master's,Architect,13,1323103
30,Male,Master's,Associate,0,674403
64,Female,High School,Machine Learning Engineer,36,1682257
60,Male,Master's,Economist,20,1341167
40,Female,Bachelor's,Chief Financial Officer,15,2375232
26,Male,Master's,Customer Support Specialist,0,436236
21,Male,Master's,Analyst,0,741885
55,Male,Master's,Intern,1,419554
35,Female,Master's,Intern,0,364972
60,Male,Bachelor's,Civil Engineer,12,979027
43,Male,Master's,Database Administrator,12,1168181
57,Male,PhD,Product Manager,20,2054006
43,Male,Master's,Research Scientist,11,1403711
54,Female,Bachelor's,Chief Executive Officer,24,2682181
54,Male,Master's,Cloud Architect,19,1977941
62,Male,PhD,Operations Manager,12,1370188
58,Female,Master's,Chief Financial Officer,26,2539680
28,Male,High School,UX Designer,2,716362
21,Male,Master's,Customer Support Specialist,0,462662
26,Male,Bachelor's,Analyst,3,714136
38,Female,Master's,Intern,1,402751
42,Male,PhD,Analyst,2,800637
22,Female,High School,Customer Support Specialist,4,339950
54,Female,Bachelor's,Electrical Engineer,10,927120
21,Male,High School,Customer Support Specialist,1,343572
42,Male,Bachelor's,Research Scientist,18,1223637
33,Male,Master's,Mechanical Engineer,6,1009622
40,Male,PhD,HR Manager,5,1059959
38,Male,Bachelor's,Senior Software Engineer,11,1677296
33,Male,Bachelor's,Sales Manager,5,860496
23,Female,High School,HR Manager,5,641033
49,Female,PhD,Intern,0,386299
23,Male,High School,Associate,4,570643
51,Female,Bachelor's,Junior Developer,3,556829
22,Female,Bachelor's,Junior Developer,0,492104
37,Female,Bachelor's,Data Scientist,13,1393765
52,Female,Master's,Director of Engineering,16,2700837
31,Male,Bachelor's,Database Administrator,6,970395
52,Male,Bachelor's,Associate,0,538209
52,Male,Master's,Data Analyst,4,807117
60,Female,Master's,Vice President,36,3211037
22,Female,Bachelor's,Junior Developer,0,524514
26,Male,Bachelor's,Analyst,0,639652
55,Male,Bachelor's,Security Engineer,26,1790330
44,Male,High School,Civil Engineer,7,771553
34,Male,Master's,Statistician,5,1092859
61,Female,Bachelor's,Project Manager,11,1016488
41,Female,PhD,Associate,1,816608
28,Male,Bachelor's,Customer Support Specialist,0,437926
48,Male,Master's,Product Manager,19,1609633
34,Male,Master's,Financial Analyst,3,1089024
49,Female,Bachelor's,Customer Support Specialist,1,432574
56,Female,Bachelor's,Vice President,23,2330375
37,Male,Bachelor's,Architect,9,1070647
38,Male,Master's,Sales Manager,11,1374166
60,Female,Master's,Consultant,17,1568122
25,Male,Bachelor's,Customer Support Specialist,3,447775
65,Male,Bachelor's,Electrical Engineer,14,1083088
23,Female,Bachelor's,Junior Developer,0,521143
29,Male,Bachelor's,Business Analyst,3,676755
26,Male,Bachelor's,Healthcare Specialist,4,808921
57,Female,Bachelor's,Operations Manager,29,1369241
30,Female,Bachelor's,Security Engineer,5,1179766
39,Female,Master's,Lawyer,12,1844416
46,Female,Bachelor's,Professor,18,1133466
33,Male,Master's,Associate,1,628576
43,Male,Master's,Architect,13,1132928
40,Male,Master's,Consultant,12,1211942
43,Male,Master's,Associate,1,670918
62,Male,Bachelor's,Economist,34,1347505
48,Female,Master's,Security Engineer,6,1225256
48,Female,PhD,Software Engineer,12,1319810
36,Female,Master's,Associate,3,647440
49,Male,High School,Chief Financial Officer,29,2080799
58,Female,Bachelor's,Senior Data Scientist,21,1976742
58,Male,Bachelor's,Chief Technology Officer,16,2524924
40,Male,Master's,Mechanical Engineer,9,994876
36,Female,Master's,Associate,3,723892
22,Female,Bachelor's,Junior Developer,0,602141
51,Male,Master's,Statistician,12,1347414
50,Male,Master's,Consultant,23,1502222
63,Female,Bachelor's,Operations Manager,33,1540630
58,Male,Bachelor's,Senior Software Engineer,17,1643617
60,Female,Master's,Teacher,3,567474
41,Female,Bachelor's,Network Engineer,8,930559
38,Female,PhD,Software Engineer,6,1233012
45,Female,Bachelor's,Database Administrator,15,1007696
39,Female,High School,Vice President,17,1729488
47,Male,Bachelor's,Healthcare Specialist,3,580834
39,Male,PhD,Professor,11,1479930
47,Female,Master's,UX Designer,9,1088242
63,Female,High School,Lawyer,29,1437733
65,Male,Bachelor's,Operations Manager,34,1356054
64,Female,Master's,Operations Manager,20,1438250
36,Male,Master's,Civil Engineer,7,1012043
56,Male,Master's,DevOps Engineer,12,1536048
29,Female,Bachelor's,Customer Support Specialist,0,413252
64,Male,Master's,Product Manager,34,2147792
37,Female,Master's,Customer Support Specialist,1,515792
48,Female,Bachelor's,Business Analyst,4,846557
46,Male,Bachelor's,Research Scientist,18,1091959
39,Female,Master's,Civil Engineer,14,1278630
49,Female,Master's,Operations Manager,23,1564669
22,Female,Master's,IT Support Specialist,0,456848
41,Male,PhD,Analyst,1,841833
33,Male,High School,Security Engineer,5,920622
52,Female,PhD,Product Manager,16,2081063
28,Female,Master's,Accountant,4,742987
37,Female,Bachelor's,Data Scientist,11,1141526
35,Male,Master's,Statistician,9,1153619
39,Male,Bachelor's,Business Analyst,4,799337
39,Female,PhD,UX Designer,7,1097299
61,Male,High School,Graphic Designer,2,433051
50,Male,Bachelor's,Mechanical Engineer,11,1021543
55,Female,Bachelor's,Mechanical Engineer,11,1040915
25,Male,Bachelor's,Intern,1,324805
31,Male,Bachelor's,Data Analyst,2,649930
42,Female,PhD,Technical Writer,13,1046897
55,Female,Bachelor's,Mechanical Engineer,12,991299
43,Male,PhD,Architect,12,1227833
63,Female,High School,Professor,35,1083262
38,Female,PhD,Customer Support Specialist,4,561732
56,Female,Master's,Product Manager,26,1863949
61,Female,Master's,Data Analyst,6,760051
22,Male,Master's,Analyst,0,692443
39,Female,Bachelor's,Mechanical Engineer,10,1023845
64,Female,Bachelor's,Product Manager,29,1725666
61,Male,Bachelor's,Lawyer,17,1567112
60,Female,Bachelor's,Research Scientist,34,1505976
50,Female,Bachelor's,Lawyer,27,1568717
39,Male,PhD,Customer Support Specialist,1,554373
58,Female,Master's,Cloud Architect,34,2393694
62,Female,PhD,IT Support Specialist,0,559563
49,Male,Master's,Product Manager,19,1793357
53,Male,High School,Vice President,29,2030466
36,Female,Bachelor's,Technical Writer,13,711469
48,Female,Bachelor's,Chief Executive Officer,17,2310025
54,Male,Bachelor's,Cloud Architect,30,2016403
65,Male,Bachelor's,Chief Technology Officer,29,2790554
50,Male,PhD,Vice President,17,3119402
62,Male,Bachelor's,Consultant,34,1417967
60,Male,PhD,Security Engineer,15,1832782
39,Female,PhD,Electrical Engineer,5,1192869
48,Male,Master's,Lawyer,15,1883017
22,Male,Bachelor's,Intern,0,359349
62,Male,PhD,Associate,0,648458
24,Male,Bachelor's,Junior Developer,1,612538
53,Male,PhD,Research Scientist,22,1936757
49,Male,Master's,Electrical Engineer,5,1023208
50,Male,Master's,Mechanical Engineer,14,1221528
38,Female,Master's,Database Administrator,6,1005054
44,Female,Bachelor's,Architect,14,960866
25,Female,Master's,Analyst,1,786519
44,Female,PhD,Accountant,2,799954
32,Male,Master's,Electrical Engineer,5,1181235
28,Female,Bachelor's,Sales Manager,5,789111
24,Male,Master's,IT Support Specialist,0,503232
30,Male,Bachelor's,Customer Support Specialist,0,434090
64,Male,PhD,Product Manager,16,1821293
34,Female,Bachelor's,Accountant,4,628780
28,Male,PhD,Analyst,0,761973
28,Female,Bachelor's,Healthcare Specialist,3,656465
37,Male,PhD,Electrical Engineer,8,1344984
44,Male,PhD,Vice President,16,2823849
27,Female,Bachelor's,Analyst,1,618004
58,Female,PhD,Associate,0,625512
64,Male,Master's,Security Engineer,17,1609705
54,Female,Bachelor's,IT Support Specialist,1,434429
59,Female,PhD,Sales Manager,6,1185547
45,Female,Bachelor's,Senior Software Engineer,11,1639984
57,Female,Bachelor's,Chief Executive Officer,19,2363879
23,Female,Bachelor's,Customer Support Specialist,1,436389
52,Male,Master's,Database Administrator,23,1599592
52,Male,Bachelor's,Machine Learning Engineer,16,1436400
57,Female,Bachelor's,Architect,8,1001367
26,Female,Master's,Junior Developer,1,573740
56,Female,Bachelor's,Consultant,21,1263486
27,Male,Bachelor's,Healthcare Specialist,2,727753
65,Male,Master's,Chief Financial Officer,29,3171058
25,Female,Bachelor's,Data Analyst,2,742114
64,Female,Master's,Machine Learning Engineer,24,1743707
64,Female,Master's,Research Scientist,17,1486472
31,Female,Bachelor's,Data Scientist,8,1100534
34,Female,Master's,Customer Support Specialist,0,416870
45,Male,PhD,Junior Developer,0,681172
22,Female,Bachelor's,Customer Support Specialist,0,385352
38,Male,Master's,UX Designer,6,1190587
60,Male,PhD,Security Engineer,28,2059975
24,Male,Master's,Customer Support Specialist,0,395467
30,Female,Bachelor's,Teacher,2,439626
52,Male,Bachelor's,Chief Financial Officer,21,2778724
42,Female,PhD,Civil Engineer,10,1162986
25,Female,Bachelor's,Business Analyst,2,753112
41,Female,Bachelor's,Analyst,4,582755
44,Male,Bachelor's,Electrical Engineer,13,1088895
42,Male,Bachelor's,Customer Support Specialist,4,445584
38,Female,Master's,IT Support Specialist,0,546420
32,Female,Master's,Consultant,6,1183240
34,Male,Master's,Teacher,3,604609
52,Male,High School,Senior Software Engineer,18,1595485
49,Female,Master's,Junior Developer,2,628283
47,Male,Master's,UX Designer,3,1129808
49,Female,Bachelor's,Economist,26,1157322
33,Female,High School,Database Administrator,6,840617
49,Female,PhD,Intern,0,512882
39,Female,Master's,UX Designer,4,874279
43,Male,PhD,Teacher,4,650005
62,Male,Bachelor's,Data Scientist,14,1218572
57,Female,High School,Product Manager,14,1134877
61,Female,Master's,Director of Engineering,24,2519694
52,Female,Master's,Chief Technology Officer,21,3090832
33,Male,Bachelor's,Junior Developer,4,614090
46,Female,Master's,Operations Manager,14,1213306
37,Male,Master's,Mechanical Engineer,13,1192236
62,Female,Master's,Senior Data Scientist,22,2371026
45,Female,PhD,Associate,0,698886
31,Female,Master's,Associate,0,627645
35,Female,Master's,Analyst,0,692177
24,Female,Master's,Analyst,0,676272
25,Male,Master's,Analyst,1,789787
27,Female,Bachelor's,Healthcare Specialist,2,682705
24,Male,Bachelor's,Intern,0,358219
25,Male,PhD,Customer Support Specialist,0,502333
22,Female,Bachelor's,IT Support Specialist,0,450654
29,Male,Bachelor's,UX Designer,4,876435
42,Male,Master's,Director of Engineering,16,2272155
55,Female,PhD,Security Engineer,19,1848014
33,Female,PhD,Business Analyst,4,1064948
60,Female,Bachelor's,Security Engineer,28,1656407
50,Female,High School,Consultant,6,902689
36,Male,Bachelor's,Project Manager,8,829461
43,Female,PhD,Mechanical Engineer,11,1032801
21,Male,Bachelor's,Intern,0,337371
55,Female,Master's,Cloud Architect,25,2208703
63,Female,Master's,Consultant,12,1322196
21,Female,Bachelor's,Junior Developer,0,474643
53,Female,PhD,Research Scientist,21,1692590
54,Male,High School,Director of Engineering,28,2257816
23,Male,PhD,IT Support Specialist,0,715024
26,Male,Bachelor's,Intern,0,304331
33,Female,Master's,Analyst,0,694048
61,Female,Master's,HR Manager,6,963830
51,Female,Master's,Cloud Architect,12,2345843
59,Male,Bachelor's,Customer Support Specialist,4,475270
65,Female,Master's,Machine Learning Engineer,41,2142796
49,Male,High School,Civil Engineer,11,803954
49,Female,Master's,IT Support Specialist,1,526303
63,Male,Master's,Chief Financial Officer,22,3048047
29,Male,Bachelor's,Electrical Engineer,5,970763
53,Female,Bachelor's,Product Manager,16,1604904
40,Female,Bachelor's,Accountant,6,648410
22,Male,Master's,Customer Support Specialist,0,435915
56,Male,Master's,Chief Executive Officer,32,3235249
64,Female,Master's,Cloud Architect,17,2108396
33,Male,Bachelor's,Database Administrator,5,999661
29,Male,High School,Security Engineer,9,990689
63,Female,Bachelor's,Lawyer,37,1961496
48,Male,Master's,Business Analyst,2,823537
42,Female,Bachelor's,Product Manager,7,1438038
43,Female,Master's,Cloud Architect,13,2288194
41,Male,PhD,Research Scientist,12,1428900
55,Male,PhD,Database Administrator,11,1615328
65,Male,Master's,DevOps Engineer,6,1282486
53,Male,PhD,Cloud Architect,17,2604370
49,Female,Bachelor's,Biomedical Engineer,9,876520
61,Male,Bachelor's,Data Analyst,7,827819
60,Female,High School,Chief Technology Officer,42,2506578
55,Female,Bachelor's,Economist,33,1223434
54,Female,PhD,Database Administrator,26,1682390
51,Male,Master's,Consultant,22,1631044
39,Female,Bachelor's,Junior Developer,3,587454
46,Male,Master's,Analyst,2,794698
59,Female,Bachelor's,Operations Manager,27,996024
45,Male,Master's,Director of Engineering,18,2799535
55,Male,Master's,Marketing Manager,11,1050180
33,Female,PhD,IT Support Specialist,4,687012
26,Male,Master's,Junior Developer,2,722364
43,Male,Master's,Chief Technology Officer,16,2852566
64,Male,PhD,Chief Technology Officer,32,3690235
45,Female,Bachelor's,DevOps Engineer,9,1066800
40,Male,Bachelor's,IT Support Specialist,1,491799
26,Male,Master's,Customer Support Specialist,0,458829
64,Male,Master's,Product Manager,16,1923427
52,Female,Master's,Product Manager,27,1655819
42,Male,Bachelor's,Research Scientist,18,1229924
58,Male,Master's,Director of Engineering,15,2664793
24,Male,Bachelor's,Intern,1,395410
42,Male,PhD,Research Scientist,14,1716084
27,Female,Bachelor's,Financial Analyst,4,898579
30,Male,Bachelor's,Associate,0,561600
57,Female,High School,Statistician,14,786357
63,Male,Master's,Customer Support Specialist,1,520953
40,Female,Bachelor's,Chief Executive Officer,16,2466573
28,Female,PhD,Customer Support Specialist,0,491274
43,Male,Master's,Financial Analyst,7,1037679
31,Male,Master's,UX Designer,2,1001564
27,Female,Bachelor's,Software Engineer,4,982707
50,Male,Master's,Electrical Engineer,11,972360
53,Female,Bachelor's,Database Administrator,11,1158018
56,Male,Master's,Intern,0,392114
52,Female,Bachelor's,Vice President,23,2465832
62,Female,PhD,Cloud Architect,18,2124636
26,Male,Bachelor's,Graphic Designer,2,538971
36,Female,Bachelor's,Electrical Engineer,10,959263
45,Male,Master's,Machine Learning Engineer,17,1878400
39,Male,PhD,IT Support Specialist,0,552813
36,Male,Bachelor's,Database Administrator,10,965531
23,Male,High School,Financial Analyst,4,728300
24,Male,Bachelor's,Associate,0,552410
60,Female,High School,Software Engineer,13,776422
65,Female,Bachelor's,Data Analyst,4,691678
59,Female,PhD,Database Administrator,19,1623728
32,Male,Bachelor's,Architect,6,1127376
34,Male,Bachelor's,Civil Engineer,11,1124164
39,Female,PhD,IT Support Specialist,2,538744
31,Male,Master's,Customer Support Specialist,4,485843
44,Male,Master's,Teacher,4,672633
47,Male,Master's,Director of Engineering,16,2860581
64,Male,Master's,Professor,11,1092677
55,Female,PhD,Mechanical Engineer,5,1090648
23,Female,Bachelor's,Customer Support Specialist,1,363715
49,Male,PhD,Database Administrator,21,1946917
39,Male,Bachelor's,Analyst,2,644144
24,Female,High School,Product Manager,5,1009865
41,Female,Master's,Accountant,2,833133
62,Male,High School,Project Manager,14,984610
62,Male,Master's,HR Manager,6,943790
38,Female,Bachelor's,Associate,0,519997
41,Male,Master's,Civil Engineer,5,1051856
33,Male,Bachelor's,Data Scientist,5,1046485
28,Female,Bachelor's,Associate,1,554801
54,Female,High School,Civil Engineer,12,836145
34,Male,Bachelor's,Associate,0,525699
65,Male,Master's,Senior Data Scientist,17,2307301
23,Female,Bachelor's,Customer Support Specialist,0,392713
50,Male,High School,Intern,1,312812
39,Male,PhD,Intern,1,472811
34,Male,PhD,UX Designer,4,1198875
57,Male,Bachelor's,Research Scientist,31,1380263
64,Female,PhD,Lawyer,11,1898452
46,Female,PhD,Associate,3,750407
56,Female,Master's,Cloud Architect,30,2259076
55,Female,PhD,Mechanical Engineer,11,1385197
45,Female,High School,Professor,26,892270
64,Female,Master's,Professor,22,1393880
34,Female,Bachelor's,Data Analyst,8,827899
32,Male,Master's,UX Designer,7,1108733
23,Female,Bachelor's,Associate,0,482315
65,Female,Master's,Vice President,38,2962877
47,Male,Master's,Professor,11,1077460
56,Female,PhD,Senior Software Engineer,15,2606634
36,Female,Bachelor's,Network Engineer,9,1074529
42,Male,PhD,Architect,10,1437022
21,Male,Bachelor's,Associate,0,568754
52,Male,Master's,Product Manager,24,1843505
49,Male,PhD,Chief Technology Officer,21,3595276
36,Female,Master's,Professor,12,1271678
25,Female,High School,Junior Developer,1,493752
30,Female,Master's,Business Analyst,2,880959
64,Male,Master's,Chief Executive Officer,23,3285098
28,Male,PhD,IT Support Specialist,0,674811
47,Female,Master's,Civil Engineer,9,1018276
57,Male,Master's,Accountant,3,790769
62,Male,PhD,Senior Software Engineer,10,2343361
39,Female,Master's,Product Manager,13,1734844
45,Male,High School,Operations Manager,25,1237365
31,Male,PhD,Junior Developer,1,640124
44,Female,Master's,HR Manager,9,931058
48,Male,High School,Electrical Engineer,6,671167
62,Female,Master's,Statistician,13,1254959
65,Male,Master's,Economist,30,1365238
21,Male,Bachelor's,Intern,0,376772
64,Male,High School,Chief Technology Officer,39,2865482
41,Male,Bachelor's,Database Administrator,15,1016680
25,Female,Master's,IT Support Specialist,0,464498
43,Male,Master's,Associate,4,766695
43,Female,Master's,Civil Engineer,8,893063
33,Male,Master's,Associate,3,727343
42,Male,PhD,Analyst,1,830766
41,Female,Master's,Cloud Architect,17,2254612
40,Male,Bachelor's,Consultant,7,1051271
58,Female,High School,Lawyer,25,1352089
55,Female,Master's,Data Analyst,2,805052
57,Female,Bachelor's,Database Administrator,13,1126765
45,Male,Master's,Economist,10,1213144
57,Male,Bachelor's,Cloud Architect,33,2202063
38,Female,PhD,Analyst,4,941353
29,Female,Bachelor's,Customer Support Specialist,4,388507
62,Female,Bachelor's,Consultant,25,1462599
38,Male,Bachelor's,Machine Learning Engineer,16,1517760
26,Female,Bachelor's,Teacher,4,561546
32,Female,High School,Network Engineer,8,824075
24,Male,Master's,Junior Developer,0,719526
43,Female,Master's,Intern,0,338967
21,Female,Bachelor's,Intern,0,356108
33,Male,Bachelor's,Mechanical Engineer,9,902532
44,Male,PhD,Cloud Architect,11,2126193
27,Female,Bachelor's,Analyst,3,569241
65,Female,Bachelor's,Software Engineer,11,903474
58,Female,Master's,Data Scientist,14,1572292
22,Female,Bachelor's,Junior Developer,0,521723
58,Male,Bachelor's,Chief Technology Officer,25,2670689
25,Female,PhD,Associate,0,786334
22,Female,PhD,Customer Support Specialist,0,486379
53,Male,Bachelor's,Software Engineer,3,970358
52,Female,Master's,Vice President,17,2282772
30,Female,Master's,UX Designer,4,1079609
40,Female,Bachelor's,Accountant,4,572508
27,Male,Bachelor's,Accountant,2,718816
59,Female,Bachelor's,Economist,37,1623493
38,Female,High School,Lawyer,15,1385511
29,Male,High School,Database Administrator,11,968487
63,Female,Bachelor's,Financial Analyst,3,731200
60,Female,PhD,Data Scientist,6,1137387
48,Female,PhD,Data Analyst,5,950620
63,Male,Master's,Database Administrator,6,1196854
65,Female,PhD,Security Engineer,27,1881038
59,Female,Master's,Junior Developer,2,639364
43,Male,Bachelor's,Database Administrator,5,977397
41,Female,Master's,Data Analyst,8,892658
24,Male,Bachelor's,Customer Support Specialist,1,404103
47,Female,PhD,Senior Software Engineer,12,2167824
28,Female,Bachelor's,Customer Support Specialist,3,405633
28,Male,PhD,IT Support Specialist,0,596353
21,Female,Bachelor's,IT Support Specialist,0,425433
52,Female,Bachelor's,Economist,28,1355549
41,Male,PhD,IT Support Specialist,2,586415
23,Female,High School,Healthcare Specialist,3,496452
50,Female,PhD,Sales Manager,13,1450510
57,Male,Bachelor's,Research Scientist,10,1292287
23,Male,Bachelor's,Associate,0,490537
32,Female,Master's,Financial Analyst,2,820950
43,Male,Master's,Economist,19,1245365
59,Male,PhD,Senior Data Scientist,24,2643798
25,Male,Master's,Associate,1,602783
32,Female,Master's,HR Manager,5,829724
22,Female,High School,Healthcare Specialist,4,653295
31,Male,Master's,UX Designer,3,1004554
65,Female,PhD,Operations Manager,19,1446842
29,Female,Master's,Junior Developer,3,611684
27,Female,High School,Analyst,0,500527
26,Male,Bachelor's,Software Engineer,2,931380
33,Female,Bachelor's,Software Engineer,6,1105412
22,Female,High School,Teacher,2,434380
49,Female,Master's,Professor,18,1276296
46,Female,Master's,Database Administrator,22,1454901
45,Female,Master's,Economist,12,1232334
40,Female,Bachelor's,Intern,0,333805
26,Male,Master's,Junior Developer,1,607880
39,Male,Master's,Customer Support Specialist,1,493099
39,Male,Master's,Electrical Engineer,13,1318413
52,Female,Bachelor's,Director of Engineering,23,2355838
57,Male,Bachelor's,Electrical Engineer,13,1180043
24,Female,Bachelor's,Customer Support Specialist,1,414814
25,Male,Master's,Analyst,0,666815
33,Female,PhD,Junior Developer,0,698796
23,Male,High School,Data Analyst,2,587671
24,Male,Master's,IT Support Specialist,0,443293
63,Male,Bachelor's,Associate,1,522679
45,Male,Bachelor's,Senior Software Engineer,17,1659743
35,Female,Master's,Healthcare Specialist,4,783335
65,Female,Bachelor's,Vice President,31,2034204
37,Female,Master's,Graphic Designer,2,559914
39,Male,PhD,Analyst,1,908830
36,Female,PhD,Intern,0,487409
28,Female,Master's,Accountant,4,769106
24,Female,Bachelor's,Associate,2,653013
42,Male,Bachelor's,IT Support Specialist,1,439969
54,Female,Bachelor's,Customer Support Specialist,3,429932
47,Male,Bachelor's,Professor,10,1328869
46,Female,PhD,Director of Engineering,17,2754063
40,Male,Bachelor's,Database Administrator,6,844135
54,Male,Bachelor's,Cloud Architect,23,2008470
47,Female,Bachelor's,Senior Software Engineer,12,1585499
28,Male,Master's,UX Designer,2,1072206
35,Female,Bachelor's,Lawyer,10,1600150
27,Male,Master's,Financial Analyst,2,867231
54,Male,Master's,HR Manager,6,870532
55,Female,Master's,Product Manager,23,1902387
23,Female,Bachelor's,Analyst,0,497652
55,Female,PhD,Consultant,16,1708501
26,Male,High School,Intern,0,304450
32,Male,Master's,Software Engineer,4,1089199
36,Male,Bachelor's,UX Designer,3,933688
42,Male,Bachelor's,Product Manager,16,1541016
62,Male,Master's,Accountant,3,873442
37,Male,Bachelor's,Technical Writer,12,729820
35,Male,Bachelor's,Accountant,7,757978
53,Male,Bachelor's,Consultant,11,1187112
51,Male,Master's,Marketing Manager,5,918708
21,Female,High School,Intern,1,289997
29,Female,Master's,Healthcare Specialist,2,798828
44,Female,Master's,Security Engineer,7,1324406
23,Male,High School,Intern,1,332143
35,Male,PhD,Statistician,6,1251984
23,Female,Bachelor's,IT Support Specialist,0,448189
24,Female,High School,IT Support Specialist,4,406237
37,Male,Bachelor's,Machine Learning Engineer,11,1491625
35,Female,Bachelor's,Software Engineer,13,1254442
23,Male,Master's,Intern,0,379681
51,Male,High School,Intern,0,310290
58,Male,High School,Customer Support Specialist,0,339933
35,Male,Bachelor's,IT Support Specialist,4,455753
44,Male,Master's,Civil Engineer,13,1078790
37,Male,Master's,Electrical Engineer,12,1297352
36,Male,Master's,Data Scientist,7,1489401
31,Female,Bachelor's,Marketing Manager,8,840738
29,Female,Master's,Software Engineer,4,1018050
59,Male,High School,DevOps Engineer,14,1195012
65,Male,Bachelor's,Product Manager,43,1786830
35,Female,Master's,Customer Support Specialist,4,500315
22,Female,Bachelor's,Analyst,0,547142
50,Male,Bachelor's,Associate,0,597598
60,Male,PhD,Mechanical Engineer,11,1141789
50,Male,Bachelor's,Business Analyst,2,719681
60,Male,Bachelor's,Consultant,20,1366635
48,Female,Master's,Junior Developer,1,557762
36,Female,Bachelor's,Customer Support Specialist,0,357458
43,Female,PhD,Product Manager,14,1780530
62,Female,Master's,Machine Learning Engineer,20,1799464
32,Male,Bachelor's,Financial Analyst,5,906902
63,Male,Master's,Operations Manager,28,1644731
32,Female,Master's,Biomedical Engineer,8,1079615
31,Female,PhD,IT Support Specialist,3,580089
61,Female,Master's,Director of Engineering,29,2592517
35,Female,Master's,HR Manager,6,871945
40,Female,PhD,Architect,5,1311810
33,Female,PhD,Sales Manager,5,1098855
29,Male,PhD,Junior Developer,0,698302
42,Male,Master's,Economist,16,1538078
24,Male,Master's,Customer Support Specialist,0,485902
62,Male,PhD,Consultant,32,1617774
43,Male,Master's,Product Manager,9,1481030
56,Female,Master's,Vice President,16,2496351
43,Female,Master's,Associate,2,665795
31,Female,Bachelor's,Teacher,2,560791
43,Female,PhD,Senior Software Engineer,10,2018570
50,Male,Bachelor's,Senior Data Scientist,19,2137761
55,Female,Bachelor's,Vice President,21,2092166
46,Male,Master's,DevOps Engineer,6,1397231
41,Male,Master's,Cloud Architect,13,2503689
60,Male,High School,Economist,28,1108728
58,Female,PhD,Chief Executive Officer,22,3006316
53,Male,Master's,Economist,12,1196620
28,Female,Bachelor's,HR Manager,5,784802
60,Male,Bachelor's,Analyst,0,659795
65,Male,PhD,Senior Data Scientist,26,2932041
37,Female,Bachelor's,UX Designer,6,883893
36,Female,Master's,Statistician,10,1069750
28,Male,Master's,Customer Support Specialist,1,472564
21,Male,Bachelor's,Junior Developer,0,562867
27,Female,Master's,Associate,1,634384
24,Male,Master's,Customer Support Specialist,0,433613
42,Male,PhD,Network Engineer,8,1245555
22,Female,Bachelor's,Customer Support Specialist,0,337815
36,Male,PhD,Business Analyst,3,1051565
45,Female,PhD,DevOps Engineer,9,1599463
53,Male,High School,Product Manager,27,1377904
43,Male,Bachelor's,Lawyer,20,1601940
36,Male,Master's,Statistician,11,1192957
32,Female,Master's,Consultant,8,1147526
52,Female,Master's,Operations Manager,20,1399887
21,Male,Master's,Intern,0,426774
26,Female,Master's,IT Support Specialist,0,526391
59,Male,Master's,Operations Manager,29,1595004
61,Female,Bachelor's,Chief Technology Officer,35,2857061
27,Female,Master's,Healthcare Specialist,2,880903
56,Female,Master's,Vice President,15,2365581
30,Male,PhD,Intern,1,397755
54,Female,Bachelor's,Vice President,28,2593375
65,Female,Bachelor's,Product Manager,8,1275639
59,Female,Bachelor's,Product Manager,20,1450370
60,Male,PhD,Economist,30,1866028
23,Male,Bachelor's,Customer Support Specialist,1,430951
40,Male,PhD,Systems Administrator,7,1103451
55,Female,Bachelor's,Consultant,9,1053864
59,Male,Master's,Database Administrator,29,1682449
37,Male,High School,Chief Financial Officer,16,1978228
22,Male,Bachelor's,Associate,0,516435
48,Female,PhD,Project Manager,11,1420501
25,Female,Bachelor's,Intern,1,324236
30,Male,Bachelor's,Customer Support Specialist,1,418428
48,Male,Master's,Consultant,24,1751478
33,Female,Master's,Customer Support Specialist,2,466245
31,Female,Bachelor's,Software Engineer,5,1008146
50,Female,Master's,Cloud Architect,22,2488082
40,Female,PhD,Security Engineer,5,1503948
46,Female,Bachelor's,IT Support Specialist,1,536755
44,Male,Bachelor's,Consultant,9,1234637
26,Female,Master's,Associate,1,550264
41,Male,Master's,Security Engineer,5,1334230
64,Female,Bachelor's,Senior Software Engineer,27,2018683
22,Male,PhD,Intern,0,387897
45,Female,High School,Machine Learning Engineer,19,1450509
31,Male,Master's,Analyst,0,682640
31,Male,Master's,DevOps Engineer,7,1373796
64,Female,Bachelor's,DevOps Engineer,10,1409115
39,Female,Bachelor's,DevOps Engineer,13,1167879
39,Male,Master's,Technical Writer,10,809266
47,Male,PhD,Statistician,12,1212048
61,Female,PhD,Security Engineer,15,2071395
56,Male,Master's,Database Administrator,22,1503541
34,Female,PhD,Accountant,2,760451
56,Female,High School,Chief Financial Officer,33,2317497
25,Male,Bachelor's,Junior Developer,2,515460
47,Female,Bachelor's,Biomedical Engineer,5,925019
25,Female,Bachelor's,Junior Developer,1,534406
42,Female,PhD,Statistician,13,1614617
57,Female,PhD,Research Scientist,20,1527548
62,Female,High School,Vice President,26,2146627
49,Male,Bachelor's,Chief Financial Officer,27,2509969
38,Male,High School,UX Designer,4,661971
64,Female,Bachelor's,Consultant,35,1446140
42,Male,Master's,Cloud Architect,18,2084343
54,Female,Bachelor's,Security Engineer,31,1874459
36,Male,Master's,Data Analyst,8,950206
21,Male,Bachelor's,IT Support Specialist,0,471306
30,Female,Master's,Civil Engineer,5,940184
63,Female,High School,Analyst,2,579305
50,Female,PhD,Research Scientist,12,1359510
50,Male,Bachelor's,Vice President,23,2350961
57,Male,Master's,Senior Data Scientist,33,2628550
45,Male,PhD,Architect,8,1397095
21,Male,Master's,IT Support Specialist,0,474340
64,Male,Bachelor's,Vice President,27,2557852
34,Male,Bachelor's,Electrical Engineer,12,1051529
38,Male,PhD,Mechanical Engineer,8,1247763
29,Male,High School,Accountant,7,689009
21,Female,High School,Analyst,1,423447
23,Male,Bachelor's,Junior Developer,1,551105
51,Female,Master's,Software Engineer,4,893109
49,Male,Bachelor's,Systems Administrator,6,824651
40,Female,Master's,Security Engineer,12,1670868
37,Female,Master's,Accountant,9,824954
34,Female,Master's,Accountant,4,679406
45,Male,Bachelor's,Professor,23,1371404
56,Female,Master's,Civil Engineer,9,968832
36,Male,PhD,Data Analyst,2,1003881
33,Male,Master's,Statistician,5,988097
42,Female,Bachelor's,Economist,17,1278908
61,Female,PhD,Research Scientist,25,1590033
50,Female,Bachelor's,Customer Support Specialist,1,451940
50,Male,Master's,Architect,14,1275770
40,Female,Master's,Product Manager,12,1790593
22,Female,Master's,IT Support Specialist,0,516747
22,Male,Master's,Intern,0,303260
41,Female,Master's,Associate,0,654207
48,Male,Bachelor's,Cloud Architect,11,1685756
39,Female,Bachelor's,Analyst,0,588740
22,Female,High School,Junior Developer,3,352899
27,Female,High School,Financial Analyst,3,621041
40,Female,PhD,Sales Manager,8,1395325
48,Female,Bachelor's,Operations Manager,25,1296901
42,Female,Master's,Product Manager,15,1742737
46,Male,Master's,Biomedical Engineer,6,1151361
24,Female,Bachelor's,Analyst,0,570501
37,Female,Master's,Software Engineer,3,927847
62,Male,Master's,Security Engineer,17,1857854
38,Male,PhD,Network Engineer,6,1025084
64,Female,Master's,Consultant,18,1270888
39,Female,Master's,Associate,2,619592
26,Female,High School,Customer Support Specialist,3,345798
36,Female,Master's,Accountant,5,804153
33,Female,PhD,Associate,2,609564
62,Male,Master's,Mechanical Engineer,13,1055983
49,Male,Master's,Software Engineer,10,1397708
44,Female,Bachelor's,DevOps Engineer,6,1167792
59,Female,PhD,Customer Support Specialist,1,574802
32,Male,High School,Sales Manager,11,879115
54,Female,PhD,Senior Data Scientist,17,2585705
60,Male,PhD,Database Administrator,10,1409792
28,Female,PhD,Analyst,0,683452
52,Female,Master's,Database Administrator,7,1038935
38,Male,High School,Security Engineer,20,1284346
32,Female,Bachelor's,Intern,0,350341
61,Female,High School,Junior Developer,3,572814
43,Female,Bachelor's,Research Scientist,15,1285217
31,Male,PhD,UX Designer,3,1153207
23,Female,Bachelor's,Customer Support Specialist,0,369057
30,Female,Master's,Associate,4,678861
61,Female,Master's,Database Administrator,35,1414801
43,Female,Master's,Financial Analyst,3,896969
62,Male,PhD,Research Scientist,26,1755712
52,Female,Bachelor's,Business Analyst,3,789814
65,Male,Bachelor's,Professor,10,901091
49,Female,Bachelor's,Electrical Engineer,8,1002705
56,Female,Master's,UX Designer,6,1128387
52,Female,Bachelor's,Project Manager,9,1025126
29,Female,Bachelor's,HR Manager,7,866564
62,Male,Master's,Lawyer,29,2531035
55,Female,High School,Product Manager,20,1115030
44,Male,Master's,Senior Software Engineer,10,1915199
43,Male,Bachelor's,Machine Learning Engineer,21,1777870
52,Male,Bachelor's,Accountant,4,622492
60,Male,PhD,Director of Engineering,25,3218424
65,Male,PhD,Director of Engineering,20,3284803
59,Female,Master's,Project Manager,14,1367790
62,Female,Master's,DevOps Engineer,14,1566106
30,Female,Master's,Healthcare Specialist,4,694926
25,Male,Bachelor's,Associate,3,645391
26,Male,Bachelor's,Data Analyst,2,571517
34,Female,Bachelor's,Accountant,3,671580
61,Female,Bachelor's,Analyst,2,620113
50,Male,Bachelor's,Senior Data Scientist,22,2108764
25,Male,Bachelor's,Customer Support Specialist,1,385314
60,Female,High School,Product Manager,7,1068144
33,Male,Bachelor's,Data Analyst,3,666988
64,Male,PhD,Machine Learning Engineer,28,2175555
58,Male,PhD,Chief Executive Officer,25,3732711
22,Male,Bachelor's,Intern,0,316562
59,Male,Master's,Chief Executive Officer,20,3286194
33,Male,PhD,Analyst,1,807217
63,Male,Bachelor's,Marketing Manager,6,923330
64,Female,PhD,Operations Manager,25,1554831
51,Female,Master's,Professor,12,1333387
62,Female,Master's,Database Administrator,11,1287271
58,Male,PhD,Chief Executive Officer,17,3228818
33,Female,PhD,Software Engineer,3,1177033
34,Female,Master's,Analyst,0,665682
54,Male,Bachelor's,Machine Learning Engineer,28,1580458
25,Male,Bachelor's,Junior Developer,0,485578
31,Male,High School,Professor,10,1040979
63,Female,Bachelor's,Senior Data Scientist,16,2082567
54,Male,Master's,Consultant,26,1704166
41,Male,PhD,Mechanical Engineer,10,1127760
63,Male,Master's,Chief Financial Officer,18,2567457
56,Male,Master's,Chief Technology Officer,23,3171776
58,Male,Master's,Security Engineer,25,1775508
26,Male,PhD,Customer Support Specialist,0,374865
23,Male,Bachelor's,Analyst,1,656375
32,Female,Master's,Database Administrator,7,1090357
59,Female,Bachelor's,Financial Analyst,3,822670
57,Female,Master's,Economist,18,1417475
27,Female,Master's,Software Engineer,3,1042145
27,Male,PhD,Associate,0,629718
24,Male,Master's,Intern,0,389811
31,Male,Bachelor's,Project Manager,7,1058539
65,Male,Bachelor's,Economist,26,1479505
24,Female,Bachelor's,Business Analyst,2,640546
30,Female,Master's,Intern,1,440004
48,Male,Master's,Product Manager,12,1665743
35,Female,Bachelor's,Marketing Manager,5,700062
54,Male,Master's,Statistician,5,972470
40,Male,Bachelor's,Data Scientist,13,1286538
32,Male,Bachelor's,Architect,5,934599
32,Female,Bachelor's,Consultant,5,1021823
35,Female,Bachelor's,Cloud Architect,11,1631127
62,Female,Bachelor's,Research Scientist,24,1316842
40,Male,Bachelor's,Associate,2,642098
23,Male,Bachelor's,Analyst,1,638148
61,Male,Bachelor's,Operations Manager,30,1448323
30,Female,Bachelor's,Analyst,1,645327
40,Female,Master's,Systems Administrator,7,1116408
32,Male,Master's,Consultant,6,1224519
28,Male,Master's,IT Support Specialist,1,554862
21,Female,Bachelor's,IT Support Specialist,0,348289
30,Female,Bachelor's,IT Support Specialist,2,576823
26,Female,Bachelor's,Healthcare Specialist,4,682673
61,Female,Bachelor's,Sales Manager,11,886531
54,Male,Bachelor's,Database Administrator,20,1353572
40,Female,Master's,Software Engineer,4,1062060
63,Female,Master's,Financial Analyst,2,840115
57,Female,Bachelor's,IT Support Specialist,1,439432
57,Female,High School,Professor,30,1009177
57,Female,Master's,Senior Data Scientist,20,2483883
23,Female,Master's,Associate,0,591862
40,Male,PhD,Customer Support Specialist,3,603082
34,Male,Bachelor's,Junior Developer,0,472188
60,Female,Master's,Security Engineer,8,1403195
36,Male,PhD,Financial Analyst,2,1028456
35,Male,Master's,Intern,1,493198
41,Male,High School,Research Scientist,20,1118324
33,Female,PhD,Associate,1,821344
30,Female,PhD,IT Support Specialist,2,554766
45,Male,Master's,Security Engineer,16,1637508
25,Female,Bachelor's,Financial Analyst,2,750391
45,Male,Master's,Consultant,20,1377958
53,Male,Master's,Software Engineer,10,1262327
61,Female,Bachelor's,Vice President,20,2083710
64,Male,High School,Lawyer,40,1889188
55,Male,Master's,Accountant,3,774369
59,Male,Master's,Operations Manager,34,1765483
35,Female,Master's,Electrical Engineer,9,1340327
64,Female,Bachelor's,Senior Software Engineer,31,1937494
26,Female,PhD,Analyst,0,714202
57,Male,Master's,Statistician,12,1278395
41,Female,PhD,Mechanical Engineer,12,1427915
46,Female,Master's,Machine Learning Engineer,17,1899491
64,Female,High School,Database Administrator,36,1287774
32,Female,Bachelor's,UX Designer,2,888705
36,Female,Master's,Healthcare Specialist,2,627732
22,Male,Bachelor's,Associate,0,576149
65,Male,PhD,Economist,37,1967399
29,Male,Bachelor's,Marketing Manager,5,711931
45,Male,Master's,Security Engineer,7,1450944
61,Female,High School,Research Scientist,15,909839
41,Male,Master's,Cloud Architect,10,1739588
37,Female,Master's,Network Engineer,9,962225
29,Male,Bachelor's,UX Designer,2,839206
38,Male,PhD,Product Manager,5,1532214
62,Male,Bachelor's,Senior Data Scientist,40,2191893
62,Male,Bachelor's,Business Analyst,2,790698
34,Female,PhD,Business Analyst,3,902584
23,Female,Bachelor's,Intern,1,350799
48,Female,PhD,Product Manager,10,1703457
38,Male,Bachelor's,Security Engineer,11,1679557
29,Female,Master's,IT Support Specialist,0,506907
54,Female,PhD,Professor,16,1444864
38,Male,Master's,DevOps Engineer,7,1484752
42,Male,Master's,HR Manager,9,953709
24,Female,Bachelor's,IT Support Specialist,0,393816
54,Male,PhD,Operations Manager,20,1719235
50,Male,Master's,Project Manager,13,1270364
53,Male,PhD,Vice President,24,3090147
54,Male,Bachelor's,DevOps Engineer,11,1436665
55,Male,Bachelor's,Financial Analyst,2,848452
49,Female,Master's,Architect,7,971136
49,Male,Master's,Director of Engineering,20,2660531
37,Female,PhD,Teacher,4,719550
42,Female,Bachelor's,IT Support Specialist,4,534489
25,Female,PhD,Junior Developer,0,745073
46,Female,Master's,Operations Manager,21,1651892
56,Female,Bachelor's,Senior Software Engineer,15,1452486
31,Female,Bachelor's,Customer Support Specialist,0,321852
55,Male,PhD,Professor,23,1679985
33,Male,Bachelor's,Business Analyst,2,661640
44,Male,Master's,Technical Writer,13,833776
53,Male,Bachelor's,Security Engineer,14,1380779
64,Female,Master's,Mechanical Engineer,12,1140960
37,Male,Bachelor's,HR Manager,7,756561
45,Male,Master's,Product Manager,17,1538974
52,Male,Master's,Machine Learning Engineer,14,1650385
49,Male,Bachelor's,Analyst,2,697407
22,Female,Master's,Analyst,0,658752
50,Female,Master's,Teacher,4,585886
50,Male,Bachelor's,Economist,24,1352408
65,Female,Bachelor's,Security Engineer,23,1524099
22,Male,Bachelor's,Junior Developer,0,487233
30,Female,PhD,Analyst,1,762797
52,Female,Master's,Software Engineer,5,1113997
46,Male,Master's,Chief Executive Officer,22,3142612
24,Female,High School,Analyst,3,572506
52,Female,Master's,Customer Support Specialist,0,476779
24,Male,Bachelor's,Associate,0,596763
61,Female,Bachelor's,Machine Learning Engineer,32,1460006
25,Male,PhD,Junior Developer,0,647981
38,Female,Master's,Marketing Manager,5,945213
44,Female,Bachelor's,HR Manager,8,867310
39,Female,Bachelor's,Civil Engineer,14,902146
48,Female,Master's,Database Administrator,10,1063675
54,Male,Master's,Cloud Architect,25,2395592
54,Female,Bachelor's,Security Engineer,32,1704436
61,Female,PhD,Product Manager,18,2059594
59,Male,Master's,Security Engineer,31,2375385
45,Female,Bachelor's,Director of Engineering,17,2331896
40,Female,PhD,Associate,1,664003
60,Female,Bachelor's,Economist,28,1311255
58,Male,Master's,Sales Manager,12,1252913
41,Female,Master's,Economist,14,1397822
31,Male,Bachelor's,Systems Administrator,6,725208
25,Male,High School,Customer Support Specialist,0,292295
60,Male,Master's,Statistician,10,995886
41,Female,Master's,Security Engineer,9,1609122
45,Female,Master's,Vice President,17,2447545
30,Male,Bachelor's,Product Manager,7,1214211
40,Male,Master's,Junior Developer,4,774224
26,Male,Bachelor's,Analyst,3,671968
25,Female,Bachelor's,Healthcare Specialist,2,680183
61,Male,Master's,Chief Financial Officer,27,3178905
24,Male,Bachelor's,Junior Developer,0,536461
41,Male,PhD,Architect,11,1590293
40,Male,Bachelor's,Senior Software Engineer,16,1695369
65,Male,Master's,Chief Technology Officer,26,3020514
64,Male,PhD,Cloud Architect,29,2823474
32,Male,Bachelor's,Software Engineer,2,866770
32,Male,Bachelor's,Systems Administrator,5,786700
57,Male,Master's,Cloud Architect,28,2508727
38,Male,Master's,Senior Software Engineer,13,2151032
34,Male,PhD,IT Support Specialist,1,614356
34,Male,PhD,Junior Developer,1,725044
36,Male,Master's,Architect,10,1206497
52,Male,Bachelor's,Product Manager,21,1710986
57,Female,Master's,Cloud Architect,29,2263197
52,Male,Bachelor's,Product Manager,6,1228040
26,Female,Master's,Associate,0,647410
65,Female,PhD,Senior Data Scientist,26,2609416
30,Male,PhD,Graphic Designer,2,720744
22,Male,Bachelor's,Junior Developer,0,598501
41,Female,Master's,Software Engineer,13,1323644
31,Male,Master's,Analyst,1,784223
35,Male,Master's,Marketing Manager,5,920402
41,Female,High School,Statistician,5,832677
31,Female,Master's,Customer Support Specialist,0,488178
45,Female,Master's,Machine Learning Engineer,15,1584456
42,Male,Bachelor's,Statistician,10,1101082
38,Male,Master's,Data Scientist,8,1556903
26,Male,Bachelor's,Analyst,3,703452
45,Female,Bachelor's,Chief Technology Officer,16,2553099
54,Female,High School,Database Administrator,33,1361008
56,Male,Bachelor's,Lawyer,22,1613736
63,Female,Master's,Economist,23,1407816
27,Male,Master's,Analyst,2,785530
39,Male,PhD,DevOps Engineer,9,1695065
49,Female,High School,Consultant,18,1174165
60,Male,Bachelor's,Database Administrator,7,1012290
25,Female,PhD,Intern,0,475823
34,Male,Bachelor's,Sales Manager,10,1008954
56,Female,High School,Professor,19,977685
24,Female,Bachelor's,Junior Developer,2,544687
38,Female,Master's,Financial Analyst,7,978009
46,Female,Bachelor's,Data Analyst,4,598379
47,Male,Bachelor's,Database Administrator,9,885953
48,Female,Master's,DevOps Engineer,11,1370078
26,Male,Master's,Analyst,0,556173
55,Female,Master's,Financial Analyst,6,951384
49,Male,High School,Database Administrator,18,917857
64,Male,Master's,Chief Financial Officer,32,3375240
58,Male,Bachelor's,Senior Software Engineer,22,1686341
23,Female,Bachelor's,Associate,1,514220
50,Male,PhD,Mechanical Engineer,13,1380491
43,Male,Master's,Business Analyst,2,921028
42,Female,Master's,Product Manager,10,1161193
26,Male,Master's,Associate,1,651744
56,Female,Master's,Machine Learning Engineer,23,2062000
36,Male,Bachelor's,IT Support Specialist,4,496989
58,Male,Bachelor's,Professor,19,1237381
41,Female,PhD,Data Analyst,9,947855
56,Male,Master's,Data Analyst,4,780149
25,Male,Master's,Intern,0,414964
57,Male,Bachelor's,Professor,19,1295198
40,Male,High School,Marketing Manager,14,846060
64,Female,Master's,Chief Financial Officer,38,2805199
23,Male,PhD,Associate,0,636870
32,Male,Bachelor's,DevOps Engineer,9,1177759
21,Male,Bachelor's,Customer Support Specialist,0,338296
60,Female,Master's,Chief Executive Officer,35,3346148
65,Female,High School,Senior Data Scientist,19,1711015
31,Female,Bachelor's,Intern,0,361962
22,Male,Bachelor's,IT Support Specialist,0,500364
53,Male,Bachelor's,Database Administrator,25,1161727
27,Male,High School,HR Manager,5,656317
60,Male,Bachelor's,Associate,4,619694
46,Female,PhD,Product Manager,8,1739878
51,Male,Bachelor's,Mechanical Engineer,7,1004843
23,Male,Bachelor's,Customer Support Specialist,1,414947
44,Female,Master's,Analyst,4,740733
34,Male,Master's,Security Engineer,10,1416537
55,Female,Bachelor's,Analyst,0,564510
57,Female,Master's,Database Administrator,7,975622
48,Female,Bachelor's,Security Engineer,9,1235561
29,Male,PhD,Analyst,0,705144
41,Female,Bachelor's,Marketing Manager,6,781834
27,Male,Bachelor's,Junior Developer,3,542466
21,Male,Bachelor's,Analyst,0,592278
52,Female,Bachelor's,Data Scientist,11,1198561
29,Female,Master's,IT Support Specialist,1,520677
33,Female,Master's,Financial Analyst,4,1040979
49,Female,Bachelor's,Biomedical Engineer,8,997726
42,Female,Bachelor's,Director of Engineering,20,1881273
35,Female,Bachelor's,Graphic Designer,4,550718
49,Male,Bachelor's,UX Designer,5,891470
39,Female,Bachelor's,Customer Support Specialist,0,373712
34,Female,Bachelor's,Consultant,8,999154
58,Male,Bachelor's,Chief Financial Officer,15,1982745
35,Male,Master's,Product Manager,6,1196186
23,Male,Bachelor's,Junior Developer,0,563520
62,Female,High School,IT Support Specialist,0,410470
44,Male,Bachelor's,Lawyer,22,1975351
26,Female,Master's,Junior Developer,0,576462
54,Female,Bachelor's,Director of Engineering,30,2452863
49,Female,PhD,Cloud Architect,21,2649267
34,Male,Bachelor's,Technical Writer,11,787426
65,Male,Bachelor's,Senior Software Engineer,18,1696811
42,Female,Bachelor's,Product Manager,16,1320568
49,Female,High School,Architect,13,879381
41,Female,Bachelor's,Junior Developer,1,533503
43,Male,Master's,Vice President,15,2151637
36,Male,Bachelor's,Electrical Engineer,14,1248303
48,Female,Master's,Research Scientist,20,1577792
29,Male,PhD,Junior Developer,1,808750
40,Male,Bachelor's,Senior Software Engineer,16,1789777
37,Male,Bachelor's,Civil Engineer,8,887254
24,Female,Bachelor's,Customer Support Specialist,0,416897
53,Male,High School,Chief Executive Officer,34,2196348
41,Male,Master's,Chief Technology Officer,15,3019651
25,Female,PhD,Analyst,0,651972
54,Female,PhD,Customer Support Specialist,0,491125
61,Female,Bachelor's,Consultant,34,1397364
31,Male,PhD,IT Support Specialist,1,608621
35,Male,PhD,Security Engineer,6,1649261
64,Female,High School,Research Scientist,24,1169313
54,Male,Bachelor's,Director of Engineering,32,2523726
63,Male,PhD,Cloud Architect,30,2735628
24,Male,High School,DevOps Engineer,6,1003831
62,Female,PhD,Research Scientist,13,1223290
42,Female,Master's,Sales Manager,5,1108743
21,Male,Bachelor's,IT Support Specialist,0,476785
45,Male,Master's,Customer Support Specialist,1,492953
62,Female,PhD,Cloud Architect,26,2665709
65,Female,Bachelor's,Chief Technology Officer,31,2335052
60,Female,Master's,Junior Developer,3,537446
52,Female,Master's,Chief Executive Officer,22,3383304
32,Female,Master's,Electrical Engineer,8,1115225
58,Female,PhD,Professor,29,1722348
22,Male,Bachelor's,Associate,0,612093
23,Male,Bachelor's,Intern,0,357799
45,Female,PhD,Accountant,4,763272
65,Male,Master's,Lawyer,38,2679134
55,Female,PhD,Research Scientist,21,1503821
40,Female,PhD,DevOps Engineer,9,1629046
62,Male,Bachelor's,Biomedical Engineer,8,885452
60,Male,Bachelor's,Professor,35,1315241
53,Male,PhD,Director of Engineering,24,2889753
45,Male,Bachelor's,Product Manager,22,1501149
49,Male,Master's,Project Manager,5,1199752
62,Female,Bachelor's,Database Administrator,22,1289343
59,Male,High School,Chief Technology Officer,27,2175615
52,Female,Master's,Research Scientist,18,1458398
24,Female,Bachelor's,IT Support Specialist,0,400974
32,Female,PhD,Customer Support Specialist,0,535803
44,Female,Bachelor's,Associate,1,572609
56,Female,PhD,Project Manager,12,1277982
22,Male,Bachelor's,IT Support Specialist,0,433735
60,Female,Master's,Security Engineer,20,1583769
40,Female,Master's,Software Engineer,4,1221730
46,Female,PhD,Lawyer,15,1814173
31,Female,PhD,Financial Analyst,2,913452
29,Male,PhD,Analyst,0,702289
54,Female,Bachelor's,Chief Executive Officer,18,2405592
48,Male,PhD,Research Scientist,11,1611932
33,Male,PhD,Security Engineer,5,1577139
51,Female,Bachelor's,Chief Financial Officer,28,2680498
64,Male,PhD,IT Support Specialist,0,585185
45,Male,Master's,Database Administrator,8,1326409
59,Female,Master's,Lawyer,12,1623787
52,Female,Bachelor's,Architect,9,899532
38,Male,Bachelor's,Professor,14,1057866
25,Female,Master's,Intern,0,404421
62,Female,Bachelor's,Sales Manager,12,1178245
55,Male,Master's,Customer Support Specialist,2,504776
63,Male,PhD,Economist,24,1711039
47,Female,Bachelor's,Project Manager,9,1110263
26,Female,Bachelor's,Software Engineer,4,1055856
64,Male,PhD,Chief Technology Officer,15,3144030
53,Female,Bachelor's,Senior Software Engineer,29,2162653
63,Female,Master's,Consultant,25,1585083
48,Male,Master's,Consultant,19,1537117
23,Female,High School,Financial Analyst,3,676218
24,Male,Master's,Customer Support Specialist,0,502725
43,Female,Master's,HR Manager,5,907788
44,Male,PhD,Business Analyst,3,943091
60,Male,Bachelor's,Economist,27,1385974
57,Female,High School,Professor,26,1115577
36,Male,Master's,DevOps Engineer,7,1253991
58,Female,Master's,Software Engineer,10,1091898
59,Male,PhD,Product Manager,27,2201644
28,Male,Master's,Associate,0,635323
37,Male,High School,Operations Manager,16,1081474
28,Female,PhD,Customer Support Specialist,0,497790
65,Female,Bachelor's,Project Manager,9,1057692
32,Male,Bachelor's,Financial Analyst,2,884768
42,Male,Bachelor's,Senior Data Scientist,16,1835670
32,Female,Bachelor's,Network Engineer,8,935771
54,Female,Master's,Professor,27,1478619
47,Female,Bachelor's,Chief Technology Officer,15,2317913
55,Female,Bachelor's,Economist,22,1222733
56,Female,PhD,Director of Engineering,20,2859225
51,Male,PhD,Software Engineer,2,1313710
59,Male,Master's,Technical Writer,10,793625
48,Female,Master's,Operations Manager,20,1401860
50,Male,Master's,Architect,8,1039576
42,Female,Master's,Customer Support Specialist,1,496750
36,Male,Master's,Electrical Engineer,7,1275436
37,Male,Master's,Sales Manager,10,1190993
50,Male,Master's,Machine Learning Engineer,26,1757871
43,Male,Master's,Electrical Engineer,8,1310712
50,Female,PhD,Analyst,3,824676
24,Male,Bachelor's,Analyst,1,632311
52,Male,Master's,Operations Manager,13,1304694
49,Male,Bachelor's,Operations Manager,25,1444167
29,Female,Bachelor's,Analyst,0,583488
36,Male,Master's,Security Engineer,5,1499267
38,Female,Bachelor's,Sales Manager,12,929031
23,Female,High School,HR Manager,5,654953
23,Male,High School,Architect,5,854322
22,Male,Bachelor's,Intern,0,368456
21,Female,Master's,Customer Support Specialist,0,518827
43,Male,Master's,Statistician,7,975108
21,Male,Bachelor's,IT Support Specialist,0,477743
60,Male,PhD,Junior Developer,4,758458
45,Male,Master's,DevOps Engineer,8,1361808
59,Male,High School,Junior Developer,0,469097
34,Female,Bachelor's,Analyst,0,546177
23,Male,Bachelor's,Customer Support Specialist,1,436846
35,Male,Master's,Sales Manager,9,1097137
32,Male,High School,Data Analyst,3,559742
25,Male,High School,Analyst,0,532966
27,Male,Bachelor's,Analyst,1,528448
42,Female,Master's,Senior Software Engineer,16,1657148
33,Female,High School,Data Scientist,12,1101530
37,Female,Master's,Software Engineer,5,1086324
48,Male,Bachelor's,Marketing Manager,11,811641
65,Female,Master's,Economist,34,1512346
64,Female,PhD,Cloud Architect,18,2469050
50,Female,PhD,Mechanical Engineer,6,1110747
55,Male,Master's,Intern,1,434078
45,Female,Bachelor's,Senior Data Scientist,15,1872187
62,Male,Bachelor's,Vice President,39,2599743
62,Male,Master's,Architect,12,1279296
60,Male,PhD,Economist,17,1348354
39,Female,Master's,Accountant,2,684246
28,Male,Master's,Customer Support Specialist,1,593787
45,Male,Bachelor's,Civil Engineer,14,1068980
21,Male,High School,Customer Support Specialist,2,351320
22,Male,Master's,Customer Support Specialist,0,504920
23,Female,Master's,Associate,0,582540
33,Female,Master's,Analyst,2,706324
57,Male,Bachelor's,Security Engineer,35,1672922
61,Female,PhD,Research Scientist,15,1456500
57,Female,Master's,Operations Manager,13,1188156
49,Male,Master's,Professor,17,1541476
26,Male,Bachelor's,Teacher,4,625686
46,Female,Master's,Operations Manager,11,1011327
56,Male,PhD,Economist,18,1475594
39,Male,Master's,IT Support Specialist,2,539808
22,Male,Master's,Intern,0,437375
36,Female,Master's,Software Engineer,4,1116693
28,Female,Bachelor's,Software Engineer,3,992879
25,Male,Master's,Analyst,0,640450
53,Female,Master's,Senior Data Scientist,19,2312919
31,Female,High School,Database Administrator,9,846713
26,Male,Master's,IT Support Specialist,2,592787
24,Female,Bachelor's,Junior Developer,0,530109
53,Male,Master's,Product Manager,14,1623940
23,Female,Bachelor's,Intern,0,350647
58,Female,Bachelor's,Chief Executive Officer,26,2729039
65,Female,PhD,Customer Support Specialist,4,574618
52,Female,High School,Consultant,11,936629
64,Female,PhD,Chief Executive Officer,15,3180795
24,Female,Bachelor's,Junior Developer,0,492323
65,Female,Master's,Security Engineer,28,1824719
38,Male,Master's,Analyst,0,610792
33,Male,Bachelor's,Marketing Manager,7,898248
47,Male,PhD,Software Engineer,4,1428849
53,Male,Master's,Machine Learning Engineer,29,1842196
63,Female,Master's,Customer Support Specialist,0,512899
34,Female,Bachelor's,Systems Administrator,9,883603
64,Male,Bachelor's,Research Scientist,33,1458361
54,Male,Bachelor's,Economist,30,1314702
63,Female,Master's,UX Designer,2,957537
37,Female,Bachelor's,Mechanical Engineer,8,836619
41,Male,Bachelor's,Project Manager,12,1228574
43,Male,Bachelor's,Professor,17,1211584
39,Female,Bachelor's,Economist,16,1275853
57,Female,Bachelor's,Cloud Architect,15,1829533
28,Female,Bachelor's,Customer Support Specialist,3,432475
56,Male,Master's,Consultant,16,1501497
47,Male,High School,Statistician,13,910194
54,Female,Bachelor's,Senior Data Scientist,17,1788961
42,Female,Bachelor's,Systems Administrator,6,875144
44,Male,Bachelor's,Associate,1,571773
38,Female,Master's,Data Scientist,12,1291646
27,Female,PhD,Associate,0,679547
62,Female,PhD,Product Manager,26,2036714
31,Female,Bachelor's,Financial Analyst,8,901110
50,Male,Master's,Chief Executive Officer,21,2724548
29,Male,Master's,Accountant,5,648185
21,Male,Bachelor's,Junior Developer,0,568614
51,Female,Bachelor's,IT Support Specialist,1,438609
25,Male,Master's,Intern,0,395489
47,Male,PhD,Customer Support Specialist,0,491094
30,Female,Bachelor's,Database Administrator,8,1021418
46,Female,Master's,Business Analyst,3,809731
41,Male,PhD,Economist,11,1514083
32,Female,Bachelor's,Consultant,10,988110
56,Male,PhD,Senior Data Scientist,21,2794077
40,Male,Master's,Chief Financial Officer,16,2869316
46,Female,Master's,Architect,7,1044070
52,Female,PhD,Consultant,5,1388831
63,Female,PhD,Operations Manager,17,1527731
31,Female,PhD,Accountant,3,814147
33,Female,Bachelor's,Professor,11,961464
49,Female,Bachelor's,Statistician,6,996166
49,Male,Master's,Operations Manager,23,1472795
33,Female,PhD,UX Designer,4,1228190
39,Male,Bachelor's,Sales Manager,6,826401
25,Male,Master's,Junior Developer,1,681887
22,Male,High School,Customer Support Specialist,2,376864
40,Male,Master's,Architect,13,1388755
46,Male,Bachelor's,Research Scientist,12,1248446
47,Female,High School,Operations Manager,23,936592
46,Male,PhD,Associate,1,713353
42,Female,Bachelor's,Senior Software Engineer,10,1596114
49,Male,Bachelor's,Mechanical Engineer,7,908080
52,Male,PhD,Consultant,12,1461101
31,Male,Master's,Financial Analyst,4,989879
27,Male,Bachelor's,Analyst,0,602199
48,Male,PhD,Economist,15,1447400
51,Male,Bachelor's,Senior Software Engineer,16,1919195
39,Male,PhD,Marketing Manager,11,1455863
35,Female,PhD,Teacher,3,625683
55,Male,PhD,Project Manager,5,1371697
58,Male,Master's,Security Engineer,15,1683872
24,Male,Bachelor's,IT Support Specialist,2,493603
30,Female,Bachelor's,Teacher,2,581173
25,Male,PhD,Junior Developer,0,776582
64,Female,Bachelor's,HR Manager,7,876597
33,Female,Master's,Network Engineer,8,1015047
54,Male,Master's,Consultant,27,1633147
56,Female,High School,Statistician,12,891896
39,Female,Master's,Software Engineer,14,1335800
53,Male,PhD,Economist,23,1469618
33,Male,Bachelor's,Database Administrator,7,1064782
24,Female,Bachelor's,IT Support Specialist,2,510080
28,Female,Master's,Analyst,4,763893
22,Male,Bachelor's,Associate,0,546551
37,Female,Master's,Customer Support Specialist,0,483063
48,Male,Master's,Data Scientist,9,1288529
47,Male,Bachelor's,Operations Manager,19,1144952
35,Male,Bachelor's,Mechanical Engineer,8,1004004
51,Female,Bachelor's,Civil Engineer,14,1048309
45,Male,Bachelor's,Senior Data Scientist,20,2024906
43,Female,Bachelor's,Intern,1,384054
24,Female,Bachelor's,Intern,0,367257
58,Male,Master's,Database Administrator,22,1327249
63,Male,High School,Database Administrator,8,883087
64,Female,Bachelor's,Vice President,16,2319982
45,Male,PhD,Senior Software Engineer,15,2229220
26,Male,PhD,IT Support Specialist,0,535733
63,Female,Bachelor's,Consultant,30,1426041
41,Female,Master's,Associate,0,687762
45,Female,Bachelor's,Research Scientist,18,1215906
41,Male,PhD,Business Analyst,4,881651
58,Male,Master's,Professor,30,1594883
29,Female,Master's,Data Analyst,4,880484
60,Male,Bachelor's,Database Administrator,19,1319665
22,Male,Bachelor's,Associate,0,506192
49,Male,PhD,Project Manager,9,1524955
43,Female,Master's,Director of Engineering,17,2111121
37,Male,Master's,Research Scientist,10,1362416
35,Female,Master's,Project Manager,10,1196593
50,Male,Master's,Accountant,2,748541
56,Male,High School,Analyst,1,498226
28,Female,Bachelor's,Associate,2,683501
23,Female,Bachelor's,Junior Developer,1,578900
54,Female,Master's,Senior Software Engineer,24,2493530
51,Female,Master's,Sales Manager,5,985379
59,Male,Bachelor's,Product Manager,23,1628640
51,Female,Master's,Mechanical Engineer,12,1173575
32,Female,Bachelor's,UX Designer,3,832799
52,Male,PhD,Data Scientist,7,1646993
46,Male,Bachelor's,Associate,1,572462
21,Male,Bachelor's,IT Support Specialist,0,452143
38,Male,PhD,Data Analyst,9,1071817
23,Female,High School,Customer Support Specialist,0,310722
27,Female,PhD,Intern,0,493310
51,Male,High School,Technical Writer,14,657566
42,Male,Master's,Marketing Manager,11,1168061
41,Female,PhD,Database Administrator,6,1229669
45,Male,Master's,Consultant,10,1307652
47,Female,Bachelor's,Data Analyst,6,737976
34,Male,Master's,Graphic Designer,3,675145
64,Female,Master's,Consultant,25,1810731
24,Male,Bachelor's,Analyst,2,645670
45,Female,Bachelor's,Senior Software Engineer,18,1803807
32,Male,Bachelor's,Software Engineer,5,1018181
62,Female,Bachelor's,Product Manager,36,1932983
52,Male,Master's,Junior Developer,2,654990
43,Female,Master's,Cloud Architect,15,2167678
56,Female,Master's,Database Administrator,32,1778654
40,Male,PhD,Software Engineer,4,1330305
46,Male,Bachelor's,Network Engineer,6,904642
41,Male,Master's,Data Analyst,2,813848
49,Female,Master's,Sales Manager,8,1062345
38,Female,PhD,Software Engineer,7,1255809
63,Female,Bachelor's,Operations Manager,15,1144434
28,Male,Master's,IT Support Specialist,2,595138
28,Male,Master's,Intern,0,439488
39,Male,Master's,Analyst,1,715314
32,Female,Master's,Civil Engineer,6,1004426
56,Female,Master's,Cloud Architect,23,2020757
26,Male,PhD,Customer Support Specialist,0,567655
39,Female,Master's,Software Engineer,8,1213023
58,Male,Bachelor's,Senior Software Engineer,32,2165683
47,Female,Master's,Security Engineer,23,1564830
33,Male,Bachelor's,Analyst,0,581440
41,Female,Bachelor's,Data Analyst,7,789482
21,Female,High School,Analyst,2,481463
27,Male,Bachelor's,Graphic Designer,4,565118
32,Male,Master's,Consultant,7,1269148
24,Male,Bachelor's,Junior Developer,2,525444
30,Female,PhD,Customer Support Specialist,1,587173
26,Male,Bachelor's,Junior Developer,1,603317
59,Female,Bachelor's,Biomedical Engineer,9,1001769
55,Female,PhD,Intern,1,475583
22,Female,Bachelor's,Analyst,0,623987
28,Female,High School,Sales Manager,7,790799
47,Male,High School,IT Support Specialist,3,469264
50,Female,Master's,Biomedical Engineer,6,1029094
29,Female,High School,Database Administrator,10,879808
38,Male,PhD,Junior Developer,4,726551
53,Female,Master's,Lawyer,27,2198507
26,Female,Master's,Customer Support Specialist,1,423871
34,Female,Bachelor's,Architect,7,1002650
37,Female,Master's,Junior Developer,4,656465
24,Female,Bachelor's,Analyst,0,587174
51,Male,Master's,Consultant,19,1366420
55,Male,PhD,Consultant,27,1721790
32,Male,Master's,Associate,4,710863
50,Female,Master's,Professor,11,1352015
57,Female,Bachelor's,Consultant,18,1238272
59,Female,Master's,Research Scientist,34,1710787
56,Male,Bachelor's,Research Scientist,21,1346497
33,Male,Bachelor's,Marketing Manager,5,886703
59,Female,PhD,Business Analyst,2,976597
50,Male,Master's,Machine Learning Engineer,24,2075849
55,Female,Master's,Associate,4,671182
45,Female,Bachelor's,Operations Manager,23,1209819
62,Male,High School,Chief Executive Officer,23,2355805
33,Male,Bachelor's,Economist,10,1155059
21,Female,Bachelor's,Customer Support Specialist,0,324189
37,Female,Master's,Statistician,12,1235714
30,Female,Master's,UX Designer,6,1027674
60,Female,Master's,Consultant,25,1694082
61,Male,Master's,Senior Software Engineer,27,2303462
49,Male,Master's,Senior Software Engineer,18,1836734
42,Male,Master's,Lawyer,10,1765471
31,Female,Master's,Customer Support Specialist,1,418898
40,Male,PhD,Financial Analyst,4,1062866
24,Female,Bachelor's,Graphic Designer,2,523822
61,Female,Master's,Consultant,10,1230631
53,Female,High School,Security Engineer,17,1194132
37,Female,Bachelor's,Cloud Architect,13,1888477
30,Female,Master's,Consultant,5,1190820
46,Female,PhD,Network Engineer,9,1194398
51,Female,Master's,Customer Support Specialist,3,413215
42,Female,Master's,Chief Financial Officer,16,2525285
53,Female,Bachelor's,Database Administrator,14,1070928
46,Female,Bachelor's,Operations Manager,11,1083375
55,Female,PhD,Product Manager,10,1548954
65,Male,High School,Machine Learning Engineer,25,1355923
61,Female,Bachelor's,Cloud Architect,24,2135550
35,Female,Master's,Technical Writer,10,844874
35,Female,PhD,Financial Analyst,2,1069346
46,Female,PhD,Healthcare Specialist,4,901716
38,Female,PhD,Customer Support Specialist,1,599412
57,Female,Master's,Operations Manager,26,1539440
37,Male,Master's,Associate,1,771006
65,Female,Master's,Professor,20,1308967
26,Male,Bachelor's,Associate,2,589467
62,Female,Master's,Chief Technology Officer,25,2520119
53,Female,Bachelor's,Machine Learning Engineer,12,1579751
37,Male,Master's,Product Manager,5,1300617
55,Female,Bachelor's,Senior Data Scientist,25,2006234
35,Female,Master's,Software Engineer,7,1144884
27,Female,Master's,Intern,1,382559
45,Male,Master's,Senior Data Scientist,21,2698977
42,Male,Master's,Product Manager,6,1344023
24,Male,Bachelor's,Junior Developer,2,571223
37,Male,Master's,Biomedical Engineer,8,1289661
34,Male,PhD,Financial Analyst,3,1103341
48,Female,Bachelor's,Network Engineer,9,847976
37,Female,Master's,Project Manager,12,1286168
32,Female,Master's,Associate,2,649263
52,Female,PhD,Research Scientist,16,1649066
28,Male,Master's,IT Support Specialist,2,465537
36,Male,Bachelor's,Software Engineer,5,856557
64,Female,Master's,Security Engineer,19,1618725
31,Female,Bachelor's,Customer Support Specialist,1,375593
62,Male,Master's,UX Designer,4,1168641
36,Male,Master's,UX Designer,9,1197795
47,Female,Bachelor's,Systems Administrator,8,731936
38,Male,Master's,Database Administrator,10,1289425
49,Male,Master's,Research Scientist,12,1364063
43,Male,Bachelor's,Civil Engineer,12,906302
36,Male,High School,Statistician,14,1045250
60,Male,Master's,Chief Technology Officer,31,3245347
26,Male,Bachelor's,Customer Support Specialist,1,354470
28,Male,Bachelor's,Customer Support Specialist,4,423114
40,Male,High School,Security Engineer,15,1111230
57,Female,Master's,Chief Executive Officer,19,2848279
33,Male,Bachelor's,Biomedical Engineer,7,954283
47,Female,Bachelor's,Software Engineer,3,964186
36,Male,Master's,Civil Engineer,5,955696
62,Female,Bachelor's,Director of Engineering,23,2290632
50,Male,High School,Product Manager,30,1512732
33,Female,Master's,Customer Support Specialist,0,465391
64,Male,Master's,Vice President,38,3170173
33,Male,Bachelor's,Electrical Engineer,11,1008362
58,Male,Master's,Consultant,7,1211739
43,Male,Master's,Data Scientist,12,1354965
56,Male,Bachelor's,Operations Manager,21,1281058
41,Female,Master's,Biomedical Engineer,8,1182032
57,Male,Master's,Security Engineer,28,2048686
41,Female,PhD,Lawyer,12,1997193
40,Male,PhD,Operations Manager,11,1406336
34,Male,Master's,Intern,1,377558
59,Male,Master's,Systems Administrator,5,1005567
36,Female,Master's,UX Designer,5,966498
50,Male,Master's,Consultant,23,1561314
35,Male,PhD,Systems Administrator,5,1033982
23,Male,Bachelor's,Associate,0,501324
40,Male,PhD,Software Engineer,9,1496959
25,Male,PhD,Junior Developer,0,698894
45,Female,Master's,UX Designer,4,1090624
59,Female,Master's,Lawyer,15,1896737
55,Female,Bachelor's,Security Engineer,14,1535390
34,Female,PhD,Analyst,2,912706
45,Male,Master's,Marketing Manager,10,1116344
38,Male,Master's,Financial Analyst,2,815519
60,Female,Bachelor's,Machine Learning Engineer,38,1914625
48,Female,Bachelor's,Systems Administrator,9,885561
43,Male,Bachelor's,Systems Administrator,6,704238
24,Female,Bachelor's,Healthcare Specialist,2,694946
29,Female,Bachelor's,Consultant,7,1076015
52,Male,Master's,Economist,27,1449186
35,Male,PhD,Biomedical Engineer,5,1128041
41,Male,Master's,Software Engineer,8,1218890
39,Male,High School,Operations Manager,21,1136274
28,Male,Master's,Analyst,0,614235
48,Female,PhD,Intern,0,461912
65,Male,Bachelor's,Statistician,7,932611
50,Male,Bachelor's,Cloud Architect,12,1687952
31,Female,High School,Consultant,9,1031783
38,Female,PhD,Machine Learning Engineer,10,1736597
29,Male,PhD,IT Support Specialist,0,499285
25,Female,Master's,Junior Developer,0,600506
31,Male,Bachelor's,Biomedical Engineer,5,862278
34,Male,Bachelor's,Civil Engineer,8,817626
41,Female,Master's,Architect,9,1086325
41,Female,Master's,Associate,1,692357
62,Female,Master's,Economist,12,1236952
47,Female,Master's,Database Administrator,17,1277798
25,Female,High School,Financial Analyst,7,741169
21,Male,Bachelor's,Associate,0,585129
47,Female,Bachelor's,Business Analyst,4,746552
37,Female,PhD,Business Analyst,4,993082
48,Female,PhD,Software Engineer,4,1157831
46,Male,PhD,Marketing Manager,9,1119467
22,Male,PhD,Associate,0,728575
50,Male,Bachelor's,Financial Analyst,5,872623
38,Female,PhD,Financial Analyst,4,965761
48,Male,PhD,Security Engineer,17,1888133
26,Female,Master's,Customer Support Specialist,1,429992
55,Female,PhD,Economist,13,1444643
37,Male,Bachelor's,Graphic Designer,3,539194
63,Male,Master's,Lawyer,30,2324858
52,Male,Bachelor's,Product Manager,13,1421200
24,Female,Bachelor's,IT Support Specialist,0,472931
65,Female,Master's,Security Engineer,28,1931774
44,Male,Master's,Professor,12,1288364
44,Male,Bachelor's,Database Administrator,6,933782
40,Male,Master's,Consultant,10,1309168
33,Male,Master's,Software Engineer,3,1031427
41,Female,Bachelor's,Associate,4,569032
33,Female,Bachelor's,Software Engineer,4,898303
42,Female,Master's,Consultant,15,1283842
48,Male,Bachelor's,Accountant,9,727562
49,Male,Bachelor's,Marketing Manager,6,924096
59,Female,PhD,Economist,13,1392727
25,Male,Master's,Customer Support Specialist,0,451896
47,Female,PhD,Consultant,7,1471519
28,Male,Master's,Healthcare Specialist,3,826176
63,Male,Master's,Director of Engineering,36,2953511
63,Male,Master's,Economist,36,1639205
46,Female,Bachelor's,Analyst,0,600813
60,Female,Bachelor's,Product Manager,26,1586695
48,Female,PhD,Project Manager,12,1256287
44,Female,Master's,Database Administrator,9,1221931
43,Female,Bachelor's,Teacher,3,559908
61,Female,Master's,Machine Learning Engineer,34,1970312
37,Female,PhD,Data Scientist,7,1278059
29,Female,Bachelor's,DevOps Engineer,5,1314981
41,Female,Master's,Associate,1,603079
60,Male,Master's,Lawyer,19,1927748
31,Male,Bachelor's,Graphic Designer,2,610289
44,Female,Master's,Junior Developer,2,683416
41,Male,PhD,Civil Engineer,6,1015986
24,Female,Master's,Junior Developer,0,602993
39,Male,Master's,Network Engineer,5,954491
37,Female,PhD,Data Scientist,7,1429249
21,Female,High School,Analyst,2,535641
65,Female,High School,Junior Developer,0,467986
37,Female,Master's,Financial Analyst,6,823173
26,Male,PhD,Customer Support Specialist,0,556322
51,Female,Bachelor's,Research Scientist,17,1309613
64,Female,Master's,Financial Analyst,4,872967
62,Female,High School,Project Manager,5,821711
34,Male,Master's,Financial Analyst,3,882666
21,Male,Master's,Analyst,0,819024
23,Male,PhD,IT Support Specialist,0,581955
42,Female,Master's,Statistician,8,1055774
43,Male,Master's,Professor,10,1334487
55,Female,High School,Security Engineer,35,1607464
45,Male,Bachelor's,Architect,5,929443
36,Female,PhD,Electrical Engineer,8,1159019
50,Female,PhD,Data Analyst,3,922078
36,Male,Master's,Graphic Designer,2,623123
22,Male,High School,Software Engineer,2,733626
56,Male,Master's,Chief Financial Officer,29,3340054
43,Female,PhD,Analyst,1,837736
60,Male,High School,Graphic Designer,4,517493
40,Male,Master's,Consultant,11,1232823
26,Female,Master's,Customer Support Specialist,0,418419
25,Female,Bachelor's,Associate,0,524478
61,Male,Bachelor's,Senior Data Scientist,29,2067731
43,Male,Bachelor's,Mechanical Engineer,13,1105513
34,Male,Master's,Professor,10,1114264
55,Female,Bachelor's,Lawyer,21,1675617
56,Female,PhD,Chief Executive Officer,16,3115454
55,Female,PhD,Operations Manager,19,1695615
62,Female,PhD,Consultant,10,1565569
46,Male,Master's,Operations Manager,22,1338228
61,Female,Bachelor's,Sales Manager,5,918418
50,Male,Master's,Product Manager,5,1386117
33,Male,Bachelor's,Accountant,4,560585
50,Female,Bachelor's,Accountant,2,570603
31,Female,PhD,IT Support Specialist,1,551636
23,Male,Bachelor's,Analyst,1,600691
54,Female,Master's,Senior Software Engineer,29,2191502
24,Female,Master's,Customer Support Specialist,0,470626
42,Female,Bachelor's,Associate,3,583382
54,Female,Bachelor's,Analyst,2,531762
61,Female,PhD,Mechanical Engineer,6,1232310
62,Male,Bachelor's,Chief Financial Officer,33,2449482
47,Female,PhD,Systems Administrator,9,1134885
41,Male,PhD,IT Support Specialist,4,575674
55,Male,Master's,Software Engineer,3,1102597
59,Male,PhD,Cloud Architect,16,2495152
45,Female,Master's,Database Administrator,18,1267454
37,Male,Master's,Statistician,5,1087994
58,Male,High School,Accountant,2,533823
44,Male,Master's,Machine Learning Engineer,15,1705611
61,Male,PhD,Database Administrator,26,1748405
21,Female,Bachelor's,Intern,0,335313
45,Female,PhD,Product Manager,14,1888483
50,Male,PhD,HR Manager,7,1049489
65,Female,PhD,Chief Technology Officer,31,3676916
31,Male,Bachelor's,Financial Analyst,4,783237
47,Female,Bachelor's,Consultant,14,1248007
62,Male,High School,Analyst,4,648765
25,Male,Master's,Intern,1,443554
32,Female,Bachelor's,Marketing Manager,8,835505
46,Male,Master's,Product Manager,11,1478927
55,Male,Bachelor's,Research Scientist,25,1295971
60,Male,Master's,Mechanical Engineer,8,942863
56,Female,PhD,Vice President,15,2872936
39,Male,Bachelor's,Project Manager,8,970872
27,Female,Master's,Junior Developer,0,619906
32,Male,Bachelor's,Analyst,1,644095
61,Female,High School,Chief Technology Officer,17,2013160
31,Female,Bachelor's,DevOps Engineer,5,1048116
57,Male,PhD,Lawyer,22,2509556
52,Male,Master's,Product Manager,25,2086546
54,Male,Bachelor's,Database Administrator,23,1326036
23,Female,High School,Intern,0,307290
43,Female,Bachelor's,Data Scientist,11,1281495
59,Female,Bachelor's,Director of Engineering,31,2455979
46,Male,Bachelor's,Financial Analyst,9,961120
49,Female,PhD,Security Engineer,19,1899173
24,Female,Bachelor's,IT Support Specialist,1,432588
34,Male,Master's,Customer Support Specialist,0,395435
60,Male,Master's,Operations Manager,31,1688605
62,Female,Master's,UX Designer,3,928323
55,Male,Master's,Economist,23,1383916
47,Female,Bachelor's,Lawyer,19,1554456
28,Male,Master's,Healthcare Specialist,2,848105
42,Male,Bachelor's,Machine Learning Engineer,14,1420340
39,Male,Master's,Associate,1,660697
25,Male,Bachelor's,Customer Support Specialist,2,439039
41,Male,Master's,Accountant,2,749122
33,Female,Bachelor's,Mechanical Engineer,10,959886
26,Female,PhD,IT Support Specialist,0,565811
23,Female,Master's,Customer Support Specialist,0,370665
26,Male,Master's,Junior Developer,2,788004
59,Male,Bachelor's,Chief Technology Officer,26,3042869
50,Female,Master's,Chief Executive Officer,26,3360945
51,Female,Bachelor's,Biomedical Engineer,6,1087524
22,Male,Bachelor's,Customer Support Specialist,0,458578
26,Male,Bachelor's,Data Analyst,4,650836
56,Male,Master's,Data Scientist,11,1416381
46,Female,PhD,Systems Administrator,6,1093874
34,Male,Master's,UX Designer,7,1080002
39,Male,Master's,Architect,14,1242698
43,Female,Master's,Chief Technology Officer,16,2588243
34,Female,Master's,DevOps Engineer,5,1288549
65,Male,PhD,Director of Engineering,29,3235258
50,Male,Bachelor's,Teacher,2,564499
38,Male,PhD,Civil Engineer,5,996786
44,Female,Master's,Marketing Manager,9,995235
64,Female,Master's,Lawyer,34,2214243
52,Male,High School,Cloud Architect,28,1962644
39,Female,Bachelor's,Professor,17,1307438
49,Female,Master's,Chief Technology Officer,19,2845540
63,Female,PhD,HR Manager,6,1065903
37,Male,Bachelor's,Teacher,4,562939
25,Female,Bachelor's,Associate,0,518106
54,Female,PhD,Senior Software Engineer,26,2762737
37,Male,PhD,Junior Developer,1,742044
42,Female,Bachelor's,Chief Executive Officer,15,2471173
31,Male,Bachelor's,Electrical Engineer,9,930762
22,Female,High School,Customer Support Specialist,4,385103
23,Male,Master's,Customer Support Specialist,0,514190
61,Female,Bachelor's,Chief Technology Officer,23,2493160
25,Male,Bachelor's,Junior Developer,0,584226
31,Female,PhD,Analyst,0,787060
21,Female,High School,UX Designer,3,638240
32,Male,Master's,Healthcare Specialist,3,740034
44,Male,High School,Mechanical Engineer,5,798425
54,Male,Master's,Customer Support Specialist,4,497530
57,Male,PhD,Professor,26,1784707
44,Female,PhD,Project Manager,11,1306429
61,Male,High School,Vice President,25,2187652
48,Male,PhD,Marketing Manager,8,1100538
62,Female,Bachelor's,Electrical Engineer,8,908855
34,Male,Bachelor's,Economist,12,1027715
46,Female,Master's,Mechanical Engineer,7,1081567
46,Female,PhD,Technical Writer,14,961051
24,Female,PhD,IT Support Specialist,0,565842
59,Female,PhD,Chief Technology Officer,16,3122928
48,Male,Bachelor's,Chief Financial Officer,17,2401570
23,Female,Master's,Analyst,0,658071
27,Male,Master's,Business Analyst,3,884212
48,Female,Master's,Data Scientist,5,1361675
40,Male,Bachelor's,Network Engineer,7,1042783
30,Male,PhD,Analyst,2,830627
32,Male,Bachelor's,Customer Support Specialist,3,427607
30,Female,Bachelor's,HR Manager,5,695418
44,Female,Bachelor's,Lawyer,14,1659703
40,Female,Master's,Intern,1,379213
65,Male,Bachelor's,Data Scientist,7,897902
22,Female,Bachelor's,Customer Support Specialist,0,418636
57,Female,PhD,UX Designer,6,1126157
50,Male,High School,Chief Financial Officer,27,2241812
29,Male,PhD,Customer Support Specialist,0,439367
26,Male,Bachelor's,Teacher,4,584550
35,Male,High School,Product Manager,15,1252420
63,Female,Bachelor's,Senior Data Scientist,17,1882734
50,Male,Bachelor's,Database Administrator,21,1182492
40,Male,Master's,Analyst,0,716431
42,Female,Master's,Architect,9,1152118
63,Female,Bachelor's,Product Manager,26,1792312
34,Female,High School,Statistician,6,793251
24,Female,Master's,Junior Developer,0,543098
47,Female,PhD,Lawyer,14,2134689
22,Female,Bachelor's,Associate,0,494096
21,Female,Bachelor's,Junior Developer,0,588343
43,Male,Master's,Customer Support Specialist,0,459021
54,Male,Master's,Civil Engineer,8,989269
65,Female,PhD,Product Manager,6,1551402
61,Female,Master's,Chief Financial Officer,28,2691681
57,Male,High School,Professor,17,989881
57,Female,Master's,Machine Learning Engineer,30,1591329
22,Male,High School,Customer Support Specialist,3,389031
48,Male,Master's,Business Analyst,4,954428
61,Female,Master's,Economist,21,1232715
50,Male,Bachelor's,Architect,5,877231
52,Male,Bachelor's,Director of Engineering,15,1813324
34,Male,Bachelor's,Security Engineer,8,1310560
54,Female,Bachelor's,Statistician,9,851950
63,Male,PhD,Junior Developer,1,878003
37,Female,High School,Biomedical Engineer,6,794155
49,Female,Master's,Analyst,1,701456
43,Male,PhD,Data Scientist,5,1167969
53,Male,Master's,Consultant,6,1271090
58,Male,PhD,Marketing Manager,10,1259747
42,Male,Bachelor's,DevOps Engineer,14,1488189
54,Male,Bachelor's,IT Support Specialist,0,381545
22,Female,High School,Software Engineer,2,776660
57,Female,Master's,Chief Technology Officer,18,2739074
57,Male,High School,Chief Financial Officer,37,2174669
23,Male,Bachelor's,IT Support Specialist,0,440941
23,Male,Bachelor's,Intern,0,391886
54,Male,Bachelor's,Cloud Architect,26,2326724
28,Male,Bachelor's,Intern,0,388593
53,Male,PhD,Chief Technology Officer,24,3538183
45,Female,PhD,Financial Analyst,3,1161197
26,Female,PhD,Associate,0,706297
35,Female,Bachelor's,Lawyer,10,1570175
27,Male,Bachelor's,UX Designer,5,902314
36,Male,Master's,Database Administrator,8,1257489
53,Female,PhD,Chief Financial Officer,25,3103990
61,Male,Master's,Chief Financial Officer,20,2771519
38,Female,Master's,Marketing Manager,6,993345
25,Male,PhD,IT Support Specialist,0,570875
31,Female,Bachelor's,Analyst,2,675231
47,Female,Master's,Analyst,1,650249
60,Female,Bachelor's,Database Administrator,22,1118550
29,Female,Master's,Junior Developer,1,593074
63,Male,Bachelor's,Senior Software Engineer,13,1687902
29,Female,Bachelor's,Accountant,3,611062
57,Male,Bachelor's,Chief Financial Officer,25,2271405
50,Male,Master's,Senior Data Scientist,23,2309062
64,Male,Master's,Machine Learning Engineer,19,1906911
59,Male,Bachelor's,Vice President,37,2518862
63,Male,Bachelor's,Product Manager,32,1602736
51,Female,Master's,Teacher,3,577558
37,Female,Bachelor's,Biomedical Engineer,5,887296
38,Female,Master's,Network Engineer,8,1065691
55,Female,Master's,Cloud Architect,23,2407980
36,Male,Bachelor's,Product Manager,5,1133271
41,Female,PhD,Sales Manager,13,1421541
42,Male,Master's,Data Scientist,8,1403823
32,Male,Bachelor's,Business Analyst,4,714792
58,Female,Master's,Security Engineer,10,1528716
65,Male,Bachelor's,Vice President,37,2994317
52,Female,Master's,Senior Data Scientist,24,2194310
25,Female,Master's,Intern,1,441399
49,Female,PhD,Electrical Engineer,5,1178386
45,Male,Bachelor's,Security Engineer,23,1738059
29,Male,Bachelor's,Marketing Manager,6,844383
34,Male,Bachelor's,Junior Developer,1,493894
33,Female,Master's,Security Engineer,6,1440221
52,Male,PhD,Data Analyst,2,917647
40,Male,Master's,Project Manager,7,1233157
33,Female,PhD,Data Scientist,5,1473682
45,Male,Master's,Sales Manager,5,1077057
64,Male,Master's,Chief Financial Officer,39,3229502
32,Female,Bachelor's,Junior Developer,0,548058
47,Male,Master's,Product Manager,21,1876333
42,Female,Bachelor's,Director of Engineering,19,1903106
22,Female,Master's,Customer Support Specialist,0,434757
44,Male,Master's,Senior Data Scientist,15,2413950
25,Male,Bachelor's,Junior Developer,0,613491
24,Female,Bachelor's,Associate,0,508911
23,Female,High School,Software Engineer,2,697252
60,Male,High School,Civil Engineer,5,766828
25,Male,Master's,Customer Support Specialist,0,427181
55,Female,PhD,Data Analyst,9,989978
50,Male,Bachelor's,Professor,23,1372381
26,Male,Master's,Associate,2,706001
31,Male,Master's,Sales Manager,5,1037347
44,Female,Master's,Architect,10,1120686
47,Female,PhD,Chief Financial Officer,17,2832458
52,Female,PhD,Architect,8,1315477
53,Female,Master's,Product Manager,17,1488908
37,Male,Master's,Systems Administrator,9,900161
22,Female,Bachelor's,Associate,0,520831
32,Female,High School,Graphic Designer,3,504280
58,Male,Bachelor's,Security Engineer,26,1768831
32,Male,PhD,Intern,1,474945
56,Male,High School,Research Scientist,24,1131597
32,Male,Bachelor's,Consultant,8,1032204
34,Female,Bachelor's,Analyst,1,562949
56,Female,PhD,Accountant,6,822992
45,Male,Bachelor's,Chief Executive Officer,15,2147045
55,Male,Bachelor's,Economist,29,1253777
21,Female,Bachelor's,Junior Developer,0,460706
57,Female,Bachelor's,Research Scientist,18,1437282
52,Male,Bachelor's,Marketing Manager,11,890792
41,Female,Master's,Cloud Architect,14,2009540
55,Female,Bachelor's,Security Engineer,24,1553881
41,Female,Master's,Mechanical Engineer,11,1165104
23,Female,Bachelor's,IT Support Specialist,0,446252
51,Male,Bachelor's,Lawyer,17,1616208
47,Male,Bachelor's,Project Manager,14,1085555
42,Female,Master's,Project Manager,6,1153315
55,Male,Master's,Operations Manager,25,1544973
31,Female,Bachelor's,IT Support Specialist,0,467611
61,Female,Master's,Database Administrator,9,1102484
55,Male,PhD,Consultant,17,1616711
65,Female,Bachelor's,Chief Financial Officer,38,2667527
42,Male,PhD,Professor,11,1581923
63,Male,High School,Statistician,11,832086
27,Male,High School,Statistician,6,711168
62,Male,PhD,Chief Executive Officer,28,3567077
62,Male,Bachelor's,Director of Engineering,40,2757379
38,Male,Master's,UX Designer,3,942131
65,Female,Bachelor's,Architect,14,1039004
38,Female,Bachelor's,Electrical Engineer,8,883929
27,Male,Master's,Intern,1,444938
58,Female,Master's,Data Analyst,2,750585
51,Male,Master's,Research Scientist,25,1637495
33,Male,Master's,Customer Support Specialist,1,525010
45,Male,Bachelor's,Product Manager,15,1454343
43,Male,PhD,DevOps Engineer,7,1512522
60,Male,Master's,Technical Writer,10,912641
62,Male,Master's,Economist,18,1433871
21,Female,Bachelor's,Associate,0,498980
25,Female,Master's,IT Support Specialist,0,495368
44,Male,Master's,Research Scientist,14,1297354
55,Male,Master's,Intern,1,426665
21,Male,Bachelor's,Associate,0,565519
39,Male,PhD,IT Support Specialist,3,533644
48,Male,Master's,Marketing Manager,6,974884
59,Male,PhD,Consultant,30,1982054
50,Male,Master's,Statistician,12,1280712
32,Female,Bachelor's,Systems Administrator,7,757012
53,Male,PhD,Accountant,7,923262
45,Female,Master's,Data Scientist,7,1289639
57,Female,Bachelor's,Systems Administrator,6,786021
51,Male,Bachelor's,Product Manager,7,1383676
53,Female,Bachelor's,Chief Technology Officer,24,2590036
57,Female,Bachelor's,Research Scientist,18,1409290
64,Male,Bachelor's,Professor,39,1385734
24,Female,Bachelor's,Teacher,2,487728
62,Male,Bachelor's,Statistician,14,988045
63,Male,Master's,Consultant,17,1213469
26,Female,PhD,IT Support Specialist,0,531544
60,Male,Master's,Database Administrator,29,1653782
52,Male,High School,Chief Financial Officer,31,2147856
34,Female,Bachelor's,Intern,1,332370
46,Male,PhD,IT Support Specialist,4,631449
35,Male,Master's,Business Analyst,3,815085
54,Male,Bachelor's,Director of Engineering,31,2342185
47,Male,PhD,Database Administrator,13,1515285
33,Male,High School,Product Manager,9,1268365
36,Male,Bachelor's,Civil Engineer,13,1139175
28,Male,Bachelor's,Associate,0,521445
47,Female,Master's,Systems Administrator,5,904425
45,Male,Master's,Technical Writer,13,884049
25,Male,PhD,Customer Support Specialist,0,452901
45,Male,Bachelor's,Project Manager,8,1067678
61,Female,PhD,Software Engineer,3,1160639
24,Male,PhD,Associate,0,657843
45,Male,PhD,Sales Manager,7,1304020
28,Female,PhD,Associate,0,623301
52,Female,PhD,Biomedical Engineer,7,1243316
25,Male,PhD,Associate,0,756045
25,Male,Bachelor's,Business Analyst,3,753865
35,Female,Bachelor's,Architect,9,1031899
40,Female,Bachelor's,Project Manager,7,894391
41,Male,PhD,Marketing Manager,5,1190262
44,Female,Master's,Data Scientist,10,1373626
57,Male,Bachelor's,DevOps Engineer,6,1120868
54,Male,PhD,Professor,25,1557108
64,Female,Bachelor's,Professor,11,921790
60,Female,PhD,Associate,0,696243
30,Male,Bachelor's,HR Manager,8,781404
41,Male,PhD,Analyst,1,779203
53,Female,PhD,Database Administrator,21,1482442
63,Male,PhD,Professor,33,1818067
44,Male,Bachelor's,Accountant,4,660127
62,Male,PhD,Civil Engineer,6,1302803
22,Male,Bachelor's,Associate,0,608555
45,Female,Master's,Security Engineer,20,1891328
32,Male,High School,Data Scientist,11,1057218
58,Male,Master's,Financial Analyst,4,986319
50,Male,PhD,Electrical Engineer,7,1155529
38,Female,Master's,Junior Developer,0,547121
41,Male,Bachelor's,Mechanical Engineer,5,851872
42,Male,PhD,Research Scientist,10,1589785
21,Female,High School,UX Designer,3,692661
46,Male,Master's,Senior Software Engineer,11,1798110
29,Female,Master's,Teacher,2,584982
33,Female,Bachelor's,Customer Support Specialist,0,382498
65,Male,Bachelor's,Vice President,20,2454257
54,Female,Bachelor's,Analyst,1,633566
42,Male,PhD,Database Administrator,11,1475324
26,Male,PhD,Intern,0,485683
62,Female,PhD,Director of Engineering,21,3005488
43,Female,Master's,Chief Technology Officer,18,2874230
34,Female,Bachelor's,Sales Manager,8,1150024
41,Male,Bachelor's,DevOps Engineer,9,1193286
57,Male,Bachelor's,Machine Learning Engineer,11,1506475
25,Female,Bachelor's,Analyst,0,563870
27,Male,Bachelor's,Business Analyst,3,810877
21,Male,Bachelor's,Associate,0,580111
59,Female,Bachelor's,Product Manager,33,1746565
58,Female,PhD,Chief Executive Officer,30,3422579
60,Male,High School,Database Administrator,40,1392008
33,Female,High School,Biomedical Engineer,9,794402
39,Male,Master's,Healthcare Specialist,2,829811
59,Female,Master's,Product Manager,28,1697716
43,Female,Bachelor's,IT Support Specialist,3,513822
41,Male,Master's,Sales Manager,12,1073864
55,Female,Master's,IT Support Specialist,3,538900
35,Male,Master's,Data Analyst,9,1050045
28,Female,Bachelor's,Junior Developer,4,629026
21,Female,Bachelor's,Intern,0,376932
62,Female,Master's,Database Administrator,30,1424133
31,Female,Bachelor's,Intern,0,329097
26,Male,High School,Civil Engineer,6,660452
65,Male,PhD,Teacher,4,577224
25,Female,Bachelor's,Graphic Designer,3,458272
37,Female,Bachelor's,Systems Administrator,5,886682
33,Male,Bachelor's,Sales Manager,7,943304
45,Female,Bachelor's,Chief Technology Officer,19,2642878
21,Male,Bachelor's,Intern,0,354380
39,Female,Bachelor's,Marketing Manager,14,948627
49,Male,Master's,Lawyer,10,1638072
21,Female,Bachelor's,Associate,0,460733
24,Male,High School,UX Designer,3,742238
24,Female,High School,Mechanical Engineer,6,725088
40,Male,PhD,Junior Developer,0,657397
26,Male,Master's,Analyst,1,794899
21,Female,Master's,Analyst,0,682824
48,Female,Master's,Systems Administrator,7,946383
35,Female,PhD,Associate,0,628114
22,Male,Bachelor's,Analyst,0,475252
31,Male,Bachelor's,UX Designer,3,874914
47,Female,PhD,Electrical Engineer,9,1319435
24,Female,Bachelor's,Healthcare Specialist,2,675866
51,Male,PhD,Biomedical Engineer,9,1260579
35,Male,PhD,Data Analyst,2,974055
42,Male,PhD,Analyst,0,858107
53,Male,Master's,Professor,20,1205069
29,Female,PhD,Intern,1,471443
31,Male,PhD,Customer Support Specialist,1,528445
30,Male,Master's,Data Scientist,6,1208845
42,Female,Bachelor's,Lawyer,11,1409584
64,Female,Master's,Analyst,1,758195
49,Male,Bachelor's,Senior Software Engineer,24,1933713
56,Male,PhD,Data Analyst,5,1004878
42,Male,Bachelor's,Security Engineer,13,1390079
26,Female,High School,Marketing Manager,7,810482
44,Male,Bachelor's,Customer Support Specialist,0,417161
22,Male,Bachelor's,IT Support Specialist,0,455721
25,Male,Bachelor's,Graphic Designer,2,480517
42,Female,Bachelor's,Accountant,4,690824
28,Male,Bachelor's,Associate,0,588604
30,Male,PhD,Analyst,1,854580
57,Female,Master's,Chief Technology Officer,28,3241745
39,Male,Master's,IT Support Specialist,0,509865
63,Female,PhD,Systems Administrator,7,1101933
44,Male,Master's,Lawyer,18,2036559
21,Female,Bachelor's,Junior Developer,0,459809
41,Male,Master's,Financial Analyst,2,994663
39,Female,PhD,Database Administrator,6,1103342
48,Male,Bachelor's,Security Engineer,13,1464253
41,Female,High School,Data Analyst,9,679258
24,Male,Bachelor's,Customer Support Specialist,2,396483
49,Female,PhD,Database Administrator,5,1157685
50,Male,Bachelor's,Chief Technology Officer,16,2588877
53,Male,PhD,Teacher,2,729928
21,Female,High School,Junior Developer,0,405957
48,Male,Bachelor's,Network Engineer,9,876727
54,Female,Master's,Lawyer,16,1900201
38,Female,PhD,Graphic Designer,3,676376
49,Male,Bachelor's,Civil Engineer,14,995613
22,Male,High School,Customer Support Specialist,1,368356
41,Male,Bachelor's,Vice President,18,2425163
45,Female,PhD,DevOps Engineer,11,1615489
63,Female,Bachelor's,Chief Executive Officer,26,2568033
51,Male,Bachelor's,Consultant,23,1424374
59,Male,Master's,Professor,30,1627317
46,Male,High School,Analyst,1,557998
49,Male,Master's,Database Administrator,22,1272140
47,Male,Master's,Chief Executive Officer,22,3056563
65,Female,High School,Senior Data Scientist,40,2110171
57,Male,Master's,Senior Data Scientist,15,1978822
28,Female,Bachelor's,Network Engineer,6,917957
43,Male,Bachelor's,Security Engineer,15,1447942
38,Male,Master's,Statistician,13,1041442
40,Male,High School,Customer Support Specialist,4,338706
41,Female,Master's,Senior Software Engineer,16,2023992
58,Female,Bachelor's,Cloud Architect,29,2377300
38,Male,PhD,Civil Engineer,9,1247931
31,Female,PhD,Associate,1,633901
21,Male,High School,Junior Developer,2,496996
64,Female,Bachelor's,Security Engineer,14,1181047
31,Female,Bachelor's,Biomedical Engineer,5,805911
43,Male,Master's,Product Manager,15,1608697
41,Female,Master's,Intern,0,365779
44,Female,Master's,Associate,3,624156
36,Male,Bachelor's,Associate,0,545705
42,Male,Bachelor's,IT Support Specialist,1,449411
52,Female,Bachelor's,Professor,16,1040525
57,Male,Master's,Project Manager,8,1100923
40,Male,Master's,Architect,6,1150064
64,Male,Bachelor's,Chief Technology Officer,23,2291634
50,Male,PhD,HR Manager,9,1175308
30,Male,Master's,Software Engineer,5,1030303
33,Female,Bachelor's,Sales Manager,11,999660
37,Male,Bachelor's,IT Support Specialist,3,480207
55,Female,High School,Database Administrator,28,1138310
56,Male,High School,Data Scientist,11,982174
58,Male,Bachelor's,Mechanical Engineer,9,1017495
44,Male,Master's,Research Scientist,13,1315538
53,Male,Master's,Customer Support Specialist,3,483135
56,Male,Bachelor's,Professor,26,1352750
55,Male,Bachelor's,Operations Manager,29,1418528
23,Male,Bachelor's,Associate,0,485687
59,Female,Master's,Data Analyst,6,934669
46,Male,Master's,Machine Learning Engineer,16,1904180
31,Male,Bachelor's,Database Administrator,6,1110815
48,Male,Bachelor's,Financial Analyst,7,946207
38,Male,Bachelor's,Associate,1,599058
64,Male,PhD,IT Support Specialist,3,556610
40,Male,PhD,Financial Analyst,2,1142711
37,Female,Master's,Product Manager,13,1733395
37,Male,Bachelor's,Professor,12,1136109
41,Male,PhD,Analyst,3,822358
38,Male,Bachelor's,Marketing Manager,10,979385
63,Male,Master's,Product Manager,35,2031227
51,Male,Bachelor's,Database Administrator,18,1117755
49,Male,Bachelor's,Analyst,4,744119
59,Male,Master's,Chief Financial Officer,21,2512196
55,Male,Bachelor's,Machine Learning Engineer,27,1895740
21,Male,Bachelor's,Intern,0,325095
64,Male,Master's,Vice President,21,2554997
56,Female,Master's,Operations Manager,12,1427437
27,Male,High School,Statistician,6,776346
37,Female,PhD,Data Analyst,3,946033
41,Female,PhD,Associate,3,753985
37,Male,Master's,Civil Engineer,8,1034700
62,Male,Master's,Operations Manager,15,1366436
63,Female,Master's,Economist,35,1697839
55,Male,PhD,Machine Learning Engineer,22,2030293
44,Male,Master's,Software Engineer,7,1177090
48,Female,Master's,Senior Data Scientist,23,2677104
48,Male,Master's,Customer Support Specialist,1,521489
25,Female,Bachelor's,Associate,3,551088
61,Female,Bachelor's,Research Scientist,25,1351521
33,Female,Master's,Database Administrator,9,1339891
22,Female,PhD,Associate,0,755616
23,Male,Bachelor's,IT Support Specialist,0,445123
44,Female,Bachelor's,Statistician,11,915493
65,Male,PhD,Analyst,0,816812
55,Male,Bachelor's,Database Administrator,7,1013754
43,Female,Master's,Marketing Manager,8,1077581
41,Male,PhD,Marketing Manager,8,1077155
38,Male,Bachelor's,Software Engineer,4,946384
30,Female,Bachelor's,Data Scientist,8,1191914
26,Female,Bachelor's,IT Support Specialist,3,474883
52,Female,Master's,Junior Developer,4,725836
61,Male,PhD,Senior Data Scientist,28,2940221
51,Male,High School,Cloud Architect,25,1607698
55,Female,Master's,Marketing Manager,7,938670
25,Female,Bachelor's,Intern,0,428672
33,Female,Bachelor's,Civil Engineer,7,919239
59,Male,Bachelor's,Accountant,3,684577
59,Male,PhD,Network Engineer,6,1049111
40,Male,Master's,Accountant,6,818565
44,Female,PhD,Product Manager,10,1827241
22,Female,Bachelor's,Customer Support Specialist,0,386525
56,Female,PhD,Biomedical Engineer,7,1192615
57,Female,Master's,Customer Support Specialist,0,532035
48,Male,Bachelor's,IT Support Specialist,2,453992
63,Male,Bachelor's,Lawyer,23,1655379
28,Male,PhD,Intern,0,473692
49,Male,PhD,Chief Technology Officer,19,3020500
60,Male,Master's,Operations Manager,31,1644263
57,Female,PhD,Cloud Architect,25,2720689
40,Female,PhD,Systems Administrator,5,1002895
37,Female,Master's,Associate,4,679526
36,Female,Master's,Sales Manager,7,1149970
52,Female,PhD,Economist,18,1534022
41,Male,Master's,Consultant,17,1366715
61,Male,Bachelor's,Machine Learning Engineer,17,1413632
58,Female,Master's,Senior Data Scientist,34,2191564
61,Female,Master's,IT Support Specialist,0,521891
49,Female,Master's,Research Scientist,17,1521567
48,Female,Bachelor's,IT Support Specialist,1,494913
37,Male,PhD,IT Support Specialist,0,573020
49,Male,Master's,Economist,19,1299487
52,Male,Bachelor's,Customer Support Specialist,1,419547
49,Female,PhD,Research Scientist,16,1606251
64,Male,Bachelor's,Database Administrator,28,1312765
60,Female,PhD,Database Administrator,26,1578860
50,Female,PhD,Chief Executive Officer,15,3835145
46,Female,PhD,Civil Engineer,13,1313270
40,Female,PhD,Data Scientist,5,1320392
33,Male,Master's,Data Analyst,6,820728
26,Female,Master's,Intern,0,402853
35,Female,Bachelor's,Product Manager,7,1161064
49,Female,Bachelor's,Chief Financial Officer,18,2136808
30,Male,Master's,IT Support Specialist,3,544892
62,Female,Master's,Research Scientist,30,1771381
22,Male,Bachelor's,IT Support Specialist,0,382705
28,Male,Bachelor's,Customer Support Specialist,3,389722
49,Female,Bachelor's,Graphic Designer,2,478097
63,Male,Bachelor's,Director of Engineering,25,2238507
55,Female,Master's,Product Manager,10,1521071
47,Female,Bachelor's,Economist,16,1212130
45,Male,Bachelor's,Chief Technology Officer,23,2517365
54,Female,PhD,Consultant,8,1356085
53,Male,Bachelor's,Architect,9,970596
37,Female,PhD,Associate,2,700731
49,Male,Bachelor's,IT Support Specialist,1,448362
59,Female,Master's,Professor,21,1425861
60,Female,Master's,Intern,1,429143
52,Female,PhD,Database Administrator,11,1458636
40,Male,PhD,Intern,0,449836
21,Male,PhD,Associate,0,781086
47,Female,Master's,Software Engineer,8,1239799
36,Male,PhD,Electrical Engineer,6,1309321
45,Male,Bachelor's,Systems Administrator,6,843088
50,Female,Master's,Junior Developer,1,599202
61,Female,Bachelor's,Operations Manager,18,1150374
50,Male,PhD,UX Designer,4,1365774
64,Female,PhD,Financial Analyst,5,1089198
52,Male,PhD,Mechanical Engineer,14,1519375
57,Male,High School,Chief Executive Officer,33,2346790
42,Female,PhD,Software Engineer,4,1242972
36,Male,Master's,Sales Manager,12,1353631
45,Female,Bachelor's,Security Engineer,9,1308430
46,Male,PhD,Data Scientist,10,1558439
31,Female,Bachelor's,Consultant,9,1096919
43,Female,Master's,Analyst,0,651804
52,Male,Bachelor's,Graphic Designer,3,595558
60,Male,Bachelor's,Consultant,14,1153260
53,Male,PhD,Civil Engineer,5,1239039
35,Male,Bachelor's,Customer Support Specialist,1,354779
33,Female,PhD,Accountant,3,755853
57,Female,High School,Economist,29,1251523
48,Male,PhD,Analyst,1,808473
33,Male,Master's,Customer Support Specialist,0,458083
41,Male,Master's,Accountant,4,742506
23,Female,Bachelor's,Customer Support Specialist,1,387703
46,Female,PhD,Customer Support Specialist,3,623727
32,Male,Bachelor's,Biomedical Engineer,8,962869
39,Male,PhD,Network Engineer,8,1414828
33,Male,Bachelor's,Consultant,5,978144
43,Male,Master's,Network Engineer,7,1118106
51,Female,Master's,Marketing Manager,7,967878
55,Male,Master's,Director of Engineering,20,2482484
60,Female,PhD,IT Support Specialist,0,559300
33,Male,Bachelor's,Software Engineer,10,1196426
22,Female,Bachelor's,IT Support Specialist,0,433459
25,Male,Master's,IT Support Specialist,0,497935
31,Female,Master's,Sales Manager,5,974845
42,Female,Bachelor's,Junior Developer,1,482002
24,Female,High School,Project Manager,6,796954
49,Female,PhD,Project Manager,11,1499193
31,Female,Bachelor's,Analyst,0,625502
30,Male,Master's,Intern,0,447142
42,Female,High School,Operations Manager,19,940502
27,Female,Master's,Associate,2,627806
63,Female,PhD,Vice President,32,3405724
65,Male,Bachelor's,Chief Technology Officer,35,2601022
22,Male,Bachelor's,Intern,0,344381
28,Male,Bachelor's,Accountant,4,663334
27,Female,PhD,Intern,0,487230
54,Male,Bachelor's,Research Scientist,25,1391713
56,Male,PhD,Junior Developer,3,793361
29,Male,Bachelor's,Project Manager,6,930383
45,Male,Bachelor's,Director of Engineering,16,2404532
54,Male,High School,Software Engineer,11,906847
34,Male,PhD,Business Analyst,2,888483
52,Female,Bachelor's,Marketing Manager,8,806770
43,Female,Master's,Civil Engineer,7,1010535
63,Male,Bachelor's,Database Administrator,29,1235741
42,Male,Bachelor's,Professor,16,1123714
37,Female,Bachelor's,Software Engineer,9,1144430
57,Female,High School,Research Scientist,25,1213481
59,Female,Master's,Director of Engineering,19,2817055
23,Male,PhD,Junior Developer,0,637664
29,Male,Master's,Data Analyst,5,842175
52,Male,Master's,UX Designer,9,1373024
29,Female,PhD,Customer Support Specialist,0,503875
36,Male,Master's,Intern,1,414833
26,Female,Master's,Healthcare Specialist,2,760682
31,Male,PhD,Software Engineer,2,1216073
32,Female,Bachelor's,Database Administrator,7,1160304
65,Male,Master's,Machine Learning Engineer,24,1876834
31,Male,PhD,UX Designer,2,878806
55,Male,PhD,Machine Learning Engineer,26,2255268
40,Male,Master's,Marketing Manager,9,1061449
43,Male,Bachelor's,Analyst,1,609922
53,Female,High School,Database Administrator,30,1170475
60,Female,Bachelor's,Machine Learning Engineer,38,1802039
48,Female,Bachelor's,Senior Software Engineer,26,1902455
50,Male,Master's,Software Engineer,5,1259264
34,Female,Master's,Analyst,4,557365
44,Male,Master's,Junior Developer,4,811592
28,Female,PhD,Customer Support Specialist,0,517258
55,Male,Master's,Machine Learning Engineer,21,2003187
58,Male,Bachelor's,Security Engineer,36,1502468
35,Female,Bachelor's,Systems Administrator,7,731342
43,Male,High School,Software Engineer,2,809318
35,Male,High School,Product Manager,17,1179680
24,Female,Master's,Customer Support Specialist,0,433728
50,Male,High School,Vice President,20,2033293
40,Male,Bachelor's,IT Support Specialist,4,506417
57,Female,Master's,Marketing Manager,10,1009658
35,Male,Master's,Economist,10,1279829
48,Male,Bachelor's,Data Scientist,8,1164161
26,Male,PhD,Junior Developer,0,733930
41,Male,Bachelor's,Customer Support Specialist,1,415204
55,Male,Master's,Accountant,2,644028
48,Male,Master's,Software Engineer,9,1274156
41,Male,Bachelor's,Sales Manager,12,988448
46,Male,PhD,Cloud Architect,13,2496880
46,Female,Bachelor's,Business Analyst,2,633630
31,Male,Master's,Teacher,4,704402
21,Male,Bachelor's,Analyst,0,609400
45,Male,Bachelor's,Architect,5,959510
42,Female,PhD,Software Engineer,6,1292810
24,Female,High School,Analyst,1,538612
24,Female,PhD,Junior Developer,0,745689
23,Male,High School,IT Support Specialist,0,320814
52,Male,Bachelor's,Chief Financial Officer,25,2172872
30,Male,PhD,Teacher,2,662591
23,Male,Master's,Junior Developer,0,573094
43,Female,Master's,Data Scientist,6,1269647
25,Male,Master's,IT Support Specialist,0,441021
64,Female,Bachelor's,Chief Financial Officer,25,2489987
23,Female,Bachelor's,Customer Support Specialist,1,419138
55,Female,Bachelor's,Operations Manager,21,1306377
30,Male,Master's,Analyst,1,737247
31,Female,Bachelor's,Data Analyst,3,600813
53,Female,PhD,Chief Financial Officer,19,3422523
57,Female,PhD,Economist,23,1663617
51,Female,Master's,Senior Data Scientist,27,2345034
39,Male,High School,Statistician,13,859649
56,Female,Master's,Sales Manager,12,1059699
29,Female,PhD,Associate,0,623801
34,Female,Master's,Accountant,7,863534
56,Female,Bachelor's,Economist,17,1355604
60,Male,Master's,Chief Executive Officer,28,3114027
31,Male,Master's,Analyst,0,600152
28,Male,Bachelor's,Systems Administrator,5,745454
48,Female,PhD,Senior Data Scientist,20,2918509
43,Female,Master's,Vice President,17,2786393
60,Male,PhD,Sales Manager,5,1124259
41,Female,PhD,Graphic Designer,3,677586
59,Male,PhD,Business Analyst,4,922679
25,Male,Bachelor's,Customer Support Specialist,1,378774
55,Male,Bachelor's,Vice President,22,2054402
31,Female,High School,Intern,0,305705
54,Female,PhD,Cloud Architect,21,2540420
27,Male,Bachelor's,Analyst,3,659706
57,Male,PhD,Chief Executive Officer,29,3542447
55,Male,PhD,Economist,25,1457897
49,Female,Bachelor's,Operations Manager,25,1179922
64,Male,High School,Data Scientist,5,865380
49,Male,Bachelor's,Data Scientist,13,1205157
54,Male,PhD,Database Administrator,19,1606744
40,Male,Master's,DevOps Engineer,9,1532052
26,Male,PhD,IT Support Specialist,0,504910
65,Male,Bachelor's,Vice President,39,2823455
52,Female,Bachelor's,UX Designer,2,753196
53,Male,Bachelor's,Customer Support Specialist,1,402123
51,Male,Bachelor's,Cloud Architect,20,2085113
55,Female,PhD,Vice President,18,2810396
61,Female,Master's,Research Scientist,13,1318420
33,Male,PhD,Analyst,2,850863
58,Male,Bachelor's,Chief Executive Officer,32,2682768
55,Female,High School,Consultant,21,1138095
55,Female,Bachelor's,Product Manager,30,1643691
50,Male,Master's,Teacher,4,599832
26,Female,Bachelor's,Junior Developer,0,471060
51,Female,Bachelor's,Security Engineer,7,1191344
49,Female,PhD,Healthcare Specialist,3,867770
48,Female,Bachelor's,Financial Analyst,9,1021182
32,Female,Bachelor's,Junior Developer,2,528059
59,Male,Bachelor's,Database Administrator,10,1020688
36,Female,Bachelor's,Teacher,3,642470
63,Female,PhD,Customer Support Specialist,2,626695
61,Male,Master's,Project Manager,9,1288217
48,Female,Master's,Machine Learning Engineer,23,1811118
29,Female,Bachelor's,Statistician,6,916991
34,Female,Bachelor's,Software Engineer,4,895614
37,Female,Master's,Data Analyst,8,902853
31,Male,Master's,Financial Analyst,3,901277
35,Female,Master's,Customer Support Specialist,3,592152
27,Male,Bachelor's,UX Designer,3,916176
35,Female,Master's,Associate,1,648474
55,Male,PhD,Database Administrator,18,1727075
39,Female,High School,Data Analyst,2,474394
35,Female,PhD,Project Manager,5,1267732
45,Male,Master's,Database Administrator,18,1362667
44,Female,PhD,Biomedical Engineer,6,1404053
29,Female,PhD,Analyst,0,819910
24,Male,Bachelor's,Junior Developer,2,586956
23,Female,Bachelor's,IT Support Specialist,1,400908
60,Male,Bachelor's,Data Scientist,9,1058465
45,Male,Master's,Mechanical Engineer,12,1272373
34,Female,Master's,UX Designer,3,978794
40,Male,Bachelor's,Systems Administrator,7,835760
55,Male,High School,Mechanical Engineer,9,807381
35,Male,Bachelor's,Healthcare Specialist,4,643540
52,Male,Bachelor's,Operations Manager,18,1124459
47,Female,Bachelor's,Chief Financial Officer,15,2272666
62,Male,Master's,Marketing Manager,5,1003042
32,Female,Bachelor's,Analyst,0,578839
37,Female,PhD,Customer Support Specialist,3,496491
29,Female,Bachelor's,IT Support Specialist,3,501217
63,Female,Bachelor's,Graphic Designer,3,584876
26,Male,PhD,Analyst,0,707468
33,Male,Bachelor's,Product Manager,9,1568495
30,Female,Master's,Database Administrator,6,1155061
33,Male,Bachelor's,DevOps Engineer,7,1114163
36,Female,Bachelor's,Software Engineer,10,1015860
40,Male,Master's,Database Administrator,12,1230704
64,Male,Bachelor's,Security Engineer,13,1394266
49,Male,PhD,Software Engineer,13,1432768
47,Male,High School,Biomedical Engineer,9,753259
46,Female,Master's,Senior Software Engineer,17,2162689
37,Female,Master's,Financial Analyst,7,1049867
62,Male,Bachelor's,Junior Developer,3,557035
25,Female,Bachelor's,Healthcare Specialist,3,732111
45,Female,Master's,DevOps Engineer,5,1387313
43,Male,Master's,Network Engineer,7,1024460
61,Female,Master's,Director of Engineering,19,2714540
38,Female,Master's,Project Manager,5,1051965
57,Male,High School,Senior Data Scientist,38,1783790
35,Female,Master's,Junior Developer,1,638171
60,Male,Master's,DevOps Engineer,9,1418547
29,Female,Bachelor's,Healthcare Specialist,3,670383
36,Male,Master's,Data Scientist,6,1279805
52,Male,PhD,Sales Manager,9,1327748
46,Female,PhD,Operations Manager,17,1556374
22,Male,PhD,Customer Support Specialist,0,483476
55,Female,PhD,Accountant,3,855209
55,Female,Bachelor's,Lawyer,26,1841497
25,Male,Master's,Customer Support Specialist,1,416181
36,Male,Bachelor's,Senior Software Engineer,13,1777296
28,Female,Bachelor's,UX Designer,6,813187
60,Male,PhD,Security Engineer,32,2352697
49,Female,PhD,Product Manager,12,1573001
57,Male,Bachelor's,Database Administrator,17,1299762
34,Female,Bachelor's,Accountant,7,732986
65,Male,Bachelor's,Machine Learning Engineer,37,1938637
41,Female,Master's,Accountant,6,702074
58,Male,High School,Product Manager,28,1572621
40,Female,Master's,Marketing Manager,9,1147195
46,Female,Bachelor's,UX Designer,4,877268
58,Female,Bachelor's,Security Engineer,22,1396454
30,Male,High School,Software Engineer,5,740888
27,Female,PhD,Junior Developer,0,714243
39,Female,PhD,Data Analyst,9,1044838
59,Male,Master's,Lawyer,19,2016575
28,Male,Master's,Analyst,2,786950
38,Female,PhD,Product Manager,6,1471371
24,Female,Bachelor's,Customer Support Specialist,1,399793
58,Male,Master's,UX Designer,6,1159782
39,Male,Bachelor's,Civil Engineer,9,1007272
39,Male,Master's,Data Analyst,5,857024
52,Male,Master's,Operations Manager,22,1339550
63,Female,Master's,Database Administrator,33,1420233
59,Female,High School,Marketing Manager,9,731163
24,Female,Bachelor's,Junior Developer,0,442577
50,Female,Master's,Security Engineer,25,1430398
54,Female,Bachelor's,Associate,0,525582
58,Female,Master's,Product Manager,33,2059649
41,Female,Bachelor's,Architect,13,1073718
26,Female,PhD,Analyst,0,727343
52,Female,Master's,Network Engineer,8,991584
28,Male,Master's,Associate,2,604821
42,Male,Master's,Consultant,16,1363344
26,Female,PhD,Associate,0,701977
56,Male,PhD,Software Engineer,11,1456556
36,Male,Bachelor's,Electrical Engineer,6,975384
24,Male,Bachelor's,Analyst,1,636600
34,Male,Master's,Customer Support Specialist,0,481495
50,Male,PhD,Customer Support Specialist,1,546850
44,Male,Bachelor's,Economist,13,1171726
40,Male,PhD,Analyst,0,812832
65,Female,PhD,Analyst,0,875810
46,Female,Bachelor's,Product Manager,7,1246634
39,Male,PhD,Associate,0,604620
30,Male,Master's,Biomedical Engineer,6,1161639
59,Male,Bachelor's,Senior Software Engineer,13,1572265
53,Female,Master's,Director of Engineering,29,2655156
46,Male,Master's,Security Engineer,21,1785552
47,Male,Bachelor's,Cloud Architect,11,2026540
55,Male,Master's,Chief Technology Officer,24,3269005
63,Male,PhD,IT Support Specialist,3,581726
39,Female,PhD,Accountant,2,814667
46,Male,Master's,Consultant,20,1434173
40,Male,Master's,Graphic Designer,2,589429
41,Female,Bachelor's,Product Manager,8,1168227
35,Female,PhD,DevOps Engineer,5,1547369
58,Male,Bachelor's,Senior Software Engineer,18,2059981
49,Male,PhD,Lawyer,13,2538031
25,Male,Master's,Analyst,0,724858
26,Female,Bachelor's,Financial Analyst,4,787930
62,Female,Bachelor's,Director of Engineering,34,2735146
34,Male,Master's,Marketing Manager,9,1009061
56,Male,Bachelor's,Operations Manager,23,1352901
65,Male,Master's,Junior Developer,4,675056
57,Male,High School,Consultant,33,1283979
42,Female,Bachelor's,Machine Learning Engineer,14,1406754
30,Female,Master's,Junior Developer,1,612310
29,Female,PhD,Customer Support Specialist,1,553354
36,Male,Bachelor's,Financial Analyst,3,896593
28,Male,Master's,Junior Developer,0,696577
48,Male,Bachelor's,Operations Manager,22,1239269
21,Female,PhD,Intern,0,461839
38,Male,PhD,Accountant,6,940927
49,Male,PhD,Vice President,21,3566494
24,Male,PhD,Junior Developer,0,628960
41,Male,Bachelor's,Machine Learning Engineer,16,1421342
60,Male,Bachelor's,Database Administrator,33,1407704
40,Female,Bachelor's,Electrical Engineer,7,1022629
27,Female,PhD,IT Support Specialist,0,560326
55,Female,Master's,Data Scientist,12,1340261
26,Female,Bachelor's,Business Analyst,4,753768
56,Male,High School,Chief Financial Officer,15,1742245
39,Female,Bachelor's,Network Engineer,7,901665
51,Male,Master's,Software Engineer,4,976618
64,Male,High School,Product Manager,34,1477237
58,Male,Bachelor's,Product Manager,23,1599550
31,Female,Master's,Sales Manager,7,1064815
29,Female,Master's,Teacher,4,570029
53,Male,Bachelor's,Lawyer,19,1495169
65,Female,Master's,Product Manager,16,1609459
61,Male,PhD,Senior Software Engineer,10,2229172
37,Male,PhD,Financial Analyst,2,1059453
29,Female,Bachelor's,UX Designer,2,909529
45,Male,Master's,Business Analyst,3,804726
48,Female,Master's,Statistician,10,1199618
63,Male,Bachelor's,Software Engineer,14,990902
62,Male,PhD,Associate,4,768442
55,Female,PhD,Customer Support Specialist,0,474820
44,Female,Master's,Senior Software Engineer,11,2026431
28,Male,High School,Business Analyst,3,485450
43,Female,Bachelor's,Data Scientist,7,1007123
35,Female,Bachelor's,Cloud Architect,13,1505202
43,Female,Master's,Economist,11,1253004
55,Female,Bachelor's,Director of Engineering,33,2575644
28,Male,Bachelor's,Data Analyst,6,783878
57,Male,Bachelor's,Chief Technology Officer,17,2368789
42,Female,Bachelor's,Data Scientist,13,1128259
38,Female,High School,Operations Manager,18,1004272
32,Male,Bachelor's,Healthcare Specialist,4,730977
35,Female,Bachelor's,Electrical Engineer,11,1017631
34,Male,Master's,DevOps Engineer,8,1263605
64,Male,Bachelor's,Product Manager,41,1687503
52,Female,Bachelor's,Vice President,28,2207295
24,Female,Bachelor's,IT Support Specialist,0,440150
45,Male,Master's,Consultant,17,1483711
52,Male,Master's,Statistician,9,1092626
39,Female,Master's,Data Scientist,6,1345495
38,Female,PhD,Accountant,2,738047
24,Male,Bachelor's,Intern,1,374169
51,Male,Bachelor's,Security Engineer,23,1621180
52,Female,Bachelor's,Security Engineer,12,1328749
59,Female,Master's,Director of Engineering,35,2758904
30,Male,Bachelor's,UX Designer,4,929670
52,Female,Bachelor's,Research Scientist,14,1240502
21,Male,Master's,Analyst,0,636961
29,Female,Bachelor's,Healthcare Specialist,3,698766
25,Male,Master's,Junior Developer,0,718469
58,Female,High School,Economist,11,887511
25,Male,Master's,IT Support Specialist,0,540744
58,Male,Master's,Cloud Architect,13,2130795
59,Female,Bachelor's,Civil Engineer,8,802384
45,Male,Bachelor's,Sales Manager,10,947455
60,Male,Master's,Economist,34,1684577
47,Female,Master's,Database Administrator,18,1328392
55,Female,Master's,Senior Software Engineer,30,2404056
26,Male,PhD,Associate,0,810992
32,Female,Bachelor's,Financial Analyst,2,686140
44,Male,Master's,Electrical Engineer,7,1124931
65,Male,High School,Software Engineer,11,1059706
33,Female,Bachelor's,Security Engineer,10,1287383
26,Female,Bachelor's,UX Designer,4,878284
53,Female,PhD,Intern,1,512123
34,Female,Bachelor's,Accountant,5,754863
34,Male,High School,Associate,4,480638
42,Female,Bachelor's,IT Support Specialist,4,510633
46,Female,Master's,Professor,16,1366180
53,Male,PhD,Financial Analyst,4,1256696
44,Female,PhD,Vice President,15,2810415
28,Male,PhD,Intern,0,454143
65,Female,PhD,Research Scientist,30,1925051
43,Male,PhD,Data Analyst,2,850644
24,Female,High School,Healthcare Specialist,2,642717
43,Male,PhD,Marketing Manager,9,1181218
31,Male,Master's,Financial Analyst,7,1068774
42,Female,PhD,Accountant,6,876131
64,Male,PhD,Lawyer,26,2397644
33,Male,Master's,Consultant,8,1376187
33,Male,PhD,Mechanical Engineer,5,1129386
37,Female,Bachelor's,Systems Administrator,9,862785
54,Male,High School,Chief Financial Officer,20,2039893
65,Male,Bachelor's,Senior Software Engineer,37,2178359
29,Female,Master's,Software Engineer,4,1047924
53,Female,Bachelor's,Professor,20,1053871
29,Female,Master's,Junior Developer,2,644619
61,Female,Bachelor's,Accountant,8,705275
30,Female,Master's,DevOps Engineer,5,1353066
27,Male,Master's,Customer Support Specialist,3,500531
28,Male,Bachelor's,DevOps Engineer,5,1130122
50,Male,Bachelor's,Security Engineer,24,1495030
28,Female,Master's,IT Support Specialist,3,596271
24,Female,Master's,Intern,0,358327
32,Female,Bachelor's,Database Administrator,10,1033870
42,Male,PhD,IT Support Specialist,1,554557
54,Male,PhD,Data Analyst,5,965235
61,Male,PhD,Cloud Architect,29,3111861
32,Male,Bachelor's,Junior Developer,3,582469
28,Male,PhD,Junior Developer,0,671619
44,Female,Master's,Research Scientist,17,1705823
24,Male,Bachelor's,IT Support Specialist,0,379929
36,Female,Master's,Accountant,4,787263
49,Male,Bachelor's,Intern,1,372170
24,Male,PhD,Customer Support Specialist,0,467134
43,Female,Master's,DevOps Engineer,12,1468830
44,Female,PhD,Software Engineer,11,1328224
23,Female,Bachelor's,Analyst,0,582353
40,Female,Master's,Consultant,13,1432312
43,Male,Master's,UX Designer,2,1003438
51,Female,Master's,Consultant,16,1572562
30,Female,Bachelor's,Database Administrator,5,1056916
56,Male,PhD,Lawyer,28,2351349
24,Female,Bachelor's,Junior Developer,1,531908
54,Male,Master's,Accountant,5,761129
50,Female,PhD,Chief Financial Officer,18,2587330
65,Male,High School,Vice President,17,1612922
44,Male,Master's,Research Scientist,19,1622371
30,Female,Bachelor's,Accountant,3,669279
26,Female,Bachelor's,Accountant,3,568729
46,Male,Master's,Data Scientist,6,1176732
56,Male,High School,Machine Learning Engineer,34,1744446
30,Male,PhD,Accountant,2,787914
63,Female,Bachelor's,Operations Manager,39,1147504
35,Male,High School,Biomedical Engineer,6,844700
23,Male,Master's,IT Support Specialist,0,488520
31,Male,Bachelor's,Civil Engineer,7,823208
55,Female,High School,Chief Executive Officer,23,2520360
30,Male,Master's,Associate,3,632106
48,Male,High School,Product Manager,9,1041387
52,Male,Master's,Customer Support Specialist,0,460443
50,Male,Master's,Economist,23,1462644
55,Male,Bachelor's,DevOps Engineer,12,1440673
30,Male,Bachelor's,Teacher,3,550383
45,Male,High School,Network Engineer,7,752753
29,Female,Bachelor's,Teacher,4,490541
47,Male,Master's,Consultant,10,1235679
42,Female,Master's,Architect,8,1226314
44,Male,Master's,Project Manager,9,1279512
60,Female,Master's,Professor,29,1276433
28,Male,Bachelor's,Security Engineer,5,1202824
27,Male,Bachelor's,Teacher,3,569346
33,Female,Bachelor's,Civil Engineer,11,990781
42,Male,Master's,Civil Engineer,7,994951
34,Male,Master's,Systems Administrator,9,959381
41,Male,Bachelor's,Civil Engineer,12,1029779
24,Male,Bachelor's,Teacher,2,489214
35,Male,PhD,Intern,0,452702
44,Female,Master's,Consultant,19,1551647
65,Female,Master's,Operations Manager,21,1302149
50,Male,High School,Security Engineer,18,1290794
26,Male,Master's,Intern,0,370873
59,Female,Bachelor's,Senior Data Scientist,29,2265935
28,Male,PhD,Analyst,0,876869
27,Male,PhD,Associate,0,701172
39,Male,Master's,Software Engineer,5,1292539
34,Male,Master's,Intern,0,433488
43,Female,Bachelor's,Data Analyst,6,675191
64,Male,Bachelor's,Chief Executive Officer,20,2586801
64,Male,PhD,Database Administrator,18,1390294
36,Female,PhD,Junior Developer,0,680697
50,Male,Bachelor's,Technical Writer,13,881836
29,Female,Master's,Graphic Designer,3,581096
38,Male,PhD,Customer Support Specialist,4,694149
52,Female,Bachelor's,Database Administrator,21,1297169
37,Male,Bachelor's,Analyst,0,586542
35,Female,Bachelor's,Database Administrator,7,1050285
31,Male,Master's,Statistician,6,1334951
59,Male,Bachelor's,Product Manager,13,1438087
56,Female,Bachelor's,Lawyer,17,1734733
63,Male,Master's,Economist,11,1116531
23,Male,Bachelor's,Associate,1,579981
64,Male,Bachelor's,Software Engineer,5,1006733
44,Male,Bachelor's,Security Engineer,7,1204009
49,Female,Bachelor's,HR Manager,8,699046
43,Female,Bachelor's,Accountant,6,664698
26,Male,Bachelor's,Associate,4,607530
41,Female,Bachelor's,Analyst,1,724462
36,Male,PhD,Sales Manager,5,1293558
51,Female,Master's,Cloud Architect,24,2361258
44,Male,PhD,Electrical Engineer,8,1288498
33,Male,Master's,Data Scientist,7,1569107
62,Female,Master's,Product Manager,36,1932492
42,Female,Master's,Healthcare Specialist,2,838666
48,Male,PhD,Electrical Engineer,10,1473283
21,Male,Bachelor's,Associate,0,595776
26,Male,Bachelor's,Analyst,3,722063
31,Female,Bachelor's,Mechanical Engineer,6,854190
42,Male,Master's,Machine Learning Engineer,13,1601827
53,Male,Bachelor's,Research Scientist,28,1258524
31,Female,PhD,Healthcare Specialist,2,982895
24,Female,High School,UX Designer,3,719232
22,Female,Bachelor's,IT Support Specialist,0,438942
39,Male,Master's,Financial Analyst,4,973944
36,Male,High School,Data Scientist,6,1062344
30,Female,Bachelor's,Graphic Designer,3,570773
49,Female,PhD,Product Manager,13,1735826
32,Male,Bachelor's,Business Analyst,2,646258
41,Male,Bachelor's,Economist,13,1198843
41,Male,Master's,Consultant,8,1356452
38,Male,Bachelor's,Consultant,10,1431739
64,Female,Master's,Research Scientist,31,1629459
64,Male,Master's,Director of Engineering,16,2625334
53,Male,Master's,Cloud Architect,28,2249884
25,Female,Master's,IT Support Specialist,1,515008
49,Male,Bachelor's,IT Support Specialist,1,383589
30,Female,Master's,Business Analyst,3,912511
39,Female,Master's,Healthcare Specialist,2,785496
50,Male,Bachelor's,Machine Learning Engineer,25,1547093
40,Male,PhD,Analyst,4,810276
53,Male,Master's,Product Manager,18,1768649
54,Female,Bachelor's,Professor,11,1232557
52,Female,PhD,Senior Software Engineer,19,2562181
28,Male,PhD,Analyst,0,767124
47,Female,PhD,Operations Manager,10,1162482
57,Female,PhD,Economist,26,1586893
45,Male,PhD,Software Engineer,9,1361924
50,Male,Bachelor's,Technical Writer,12,761860
38,Male,PhD,Associate,0,644044
42,Female,Master's,Operations Manager,12,1207256
57,Male,Master's,Database Administrator,11,1016993
22,Male,Bachelor's,IT Support Specialist,0,403029
62,Male,High School,Systems Administrator,6,667009
43,Male,Master's,Economist,14,1343237
47,Male,Bachelor's,Customer Support Specialist,4,450238
43,Male,Master's,Junior Developer,0,651652
27,Male,Master's,Associate,1,575668
65,Female,Bachelor's,Cloud Architect,30,2093610
37,Female,Master's,Architect,11,1229537
40,Male,Bachelor's,UX Designer,8,881649
30,Female,Bachelor's,Marketing Manager,7,779562
60,Male,Bachelor's,Associate,4,614819
62,Female,Bachelor's,Project Manager,9,877465
63,Female,Master's,Lawyer,29,2161369
37,Female,PhD,Marketing Manager,5,984353
52,Male,Bachelor's,Professor,25,1399192
31,Female,Bachelor's,Software Engineer,2,839530
28,Female,Master's,Accountant,4,806431
23,Male,Bachelor's,Associate,1,679630
28,Female,Bachelor's,Accountant,2,582149
50,Male,Bachelor's,Software Engineer,6,938130
64,Male,Master's,Lawyer,18,2109299
28,Male,PhD,Associate,0,752342
65,Female,Bachelor's,Lawyer,24,1600816
57,Male,Master's,Research Scientist,15,1381633
42,Male,Bachelor's,Sales Manager,6,935775
58,Female,Bachelor's,Marketing Manager,12,858559
26,Female,Master's,IT Support Specialist,1,562349
47,Female,Bachelor's,Operations Manager,13,1046976
41,Female,Bachelor's,Junior Developer,2,549381
32,Female,Master's,UX Designer,2,1131089
46,Male,PhD,Associate,0,737674
49,Male,Bachelor's,Data Analyst,6,759473
42,Male,High School,Security Engineer,22,1268651
27,Male,PhD,Analyst,0,849611
22,Female,Bachelor's,Junior Developer,0,522313
49,Female,Bachelor's,Marketing Manager,7,689597
24,Male,PhD,Junior Developer,0,664513
27,Male,Master's,IT Support Specialist,0,528269
25,Male,PhD,Junior Developer,0,551443
27,Female,PhD,Intern,0,442546
29,Female,High School,Consultant,10,1021989
27,Male,Bachelor's,Junior Developer,2,543668
53,Female,PhD,Director of Engineering,24,2755593
55,Male,Bachelor's,Operations Manager,15,1204610
29,Male,PhD,IT Support Specialist,1,663004
61,Male,PhD,Director of Engineering,33,2927258
47,Female,Master's,Professor,21,1187113
28,Female,Bachelor's,Architect,5,978668
54,Female,PhD,Electrical Engineer,8,1230519
28,Female,Master's,Graphic Designer,4,551424
43,Female,Bachelor's,Associate,0,517223
21,Male,Bachelor's,IT Support Specialist,0,475779
25,Male,PhD,Intern,0,392297
42,Male,Bachelor's,Consultant,13,1340328
21,Male,Bachelor's,Associate,0,578151
44,Female,PhD,Statistician,6,1360595
36,Male,Master's,Software Engineer,2,1065709
54,Male,Bachelor's,Lawyer,18,1689718
29,Female,Master's,Analyst,1,668765
23,Female,Bachelor's,IT Support Specialist,0,422536
58,Female,High School,Security Engineer,40,1468519
47,Female,Master's,Senior Data Scientist,17,2279726
35,Male,Master's,Sales Manager,7,1050752
65,Male,Master's,Customer Support Specialist,0,494697
34,Female,Bachelor's,Security Engineer,11,1233221
33,Male,Master's,Database Administrator,8,1167218
21,Male,Bachelor's,IT Support Specialist,0,416376
38,Male,PhD,Healthcare Specialist,4,803249
34,Male,PhD,Intern,0,444873
22,Male,Bachelor's,Associate,0,517218
29,Female,Bachelor's,Marketing Manager,5,945699
57,Male,Bachelor's,Associate,3,499176
32,Male,PhD,Healthcare Specialist,3,1057600
58,Female,Master's,Project Manager,8,1195265
57,Male,Bachelor's,Database Administrator,12,1197934
42,Female,PhD,Architect,5,1174264
45,Male,Master's,Customer Support Specialist,1,487108
52,Male,PhD,Machine Learning Engineer,15,2108569
59,Female,Bachelor's,Director of Engineering,30,2774419
25,Female,Master's,Associate,1,623721
38,Female,Master's,Software Engineer,8,1200937
47,Male,PhD,Vice President,16,2608408
53,Female,PhD,Architect,5,1275488
32,Male,Master's,Analyst,0,766070
51,Male,Master's,Financial Analyst,3,930220
56,Female,Bachelor's,Junior Developer,0,603680
54,Female,Bachelor's,Professor,10,993269
23,Female,Bachelor's,Intern,1,376611
23,Female,High School,DevOps Engineer,5,855184
48,Male,Master's,Accountant,4,878215
26,Female,Bachelor's,Customer Support Specialist,1,377260
37,Male,Bachelor's,Project Manager,13,1122463
35,Female,Master's,Sales Manager,8,1036592
64,Male,Bachelor's,Data Analyst,2,800350
48,Female,PhD,Software Engineer,13,1386233
65,Male,PhD,Mechanical Engineer,7,1182435
48,Male,PhD,Security Engineer,10,1941432
63,Male,PhD,DevOps Engineer,6,1483584
38,Female,Master's,Statistician,13,1068174
45,Female,Bachelor's,HR Manager,5,816480
34,Male,Bachelor's,Associate,2,567357
50,Male,Bachelor's,Lawyer,13,1550435
29,Female,Master's,Business Analyst,2,801548
26,Male,Master's,Customer Support Specialist,0,479376
54,Female,Master's,Research Scientist,18,1421492
53,Female,Bachelor's,Security Engineer,29,1566391
43,Female,Master's,Database Administrator,12,1372115
36,Female,Bachelor's,Associate,4,638282
58,Female,Master's,Director of Engineering,24,2784653
62,Female,Master's,Chief Financial Officer,38,3112897
63,Male,Bachelor's,Civil Engineer,13,1005547
46,Female,PhD,Database Administrator,13,1410857
33,Female,PhD,Customer Support Specialist,1,492061
47,Male,Bachelor's,Network Engineer,5,881120
34,Female,Bachelor's,DevOps Engineer,11,1293833
42,Female,Master's,Accountant,5,708813
52,Female,Master's,Software Engineer,7,1279373
26,Female,Bachelor's,Customer Support Specialist,0,419465
39,Male,PhD,Sales Manager,10,1447515
62,Male,Bachelor's,Vice President,38,2681327
50,Male,Master's,Sales Manager,6,1162683
31,Male,PhD,Junior Developer,0,691421
51,Male,PhD,Director of Engineering,17,2777599
58,Female,Master's,Senior Software Engineer,27,2194573
31,Male,Bachelor's,UX Designer,8,952589
37,Female,Master's,Sales Manager,6,948962
30,Male,Master's,Systems Administrator,5,964923
35,Female,Master's,Software Engineer,8,1291349
55,Male,Bachelor's,Economist,26,1408418
55,Male,PhD,Product Manager,27,2136198
58,Female,Master's,Chief Executive Officer,34,3579425
56,Female,Master's,Customer Support Specialist,2,446732
60,Female,PhD,Chief Technology Officer,27,3635604
48,Male,Bachelor's,Research Scientist,15,1358223
58,Female,PhD,Customer Support Specialist,4,615514
32,Female,Master's,Teacher,4,659853
39,Male,Master's,Marketing Manager,9,1155157
64,Male,PhD,Junior Developer,0,641728
55,Male,Master's,Senior Data Scientist,19,2512823
31,Male,Bachelor's,Electrical Engineer,8,958343
30,Female,Master's,Associate,0,570483
32,Female,Master's,Junior Developer,0,659676
39,Female,PhD,Analyst,1,775149
55,Male,PhD,Financial Analyst,3,1065309
43,Male,Master's,Intern,0,375201
39,Female,Bachelor's,Customer Support Specialist,1,374688
45,Male,PhD,Operations Manager,11,1286410
46,Male,Bachelor's,Graphic Designer,3,546798
27,Female,Bachelor's,UX Designer,3,787515
60,Female,Bachelor's,Product Manager,14,1389584
38,Male,Master's,Associate,0,616234
32,Female,Bachelor's,Data Scientist,6,1027546
61,Male,High School,Project Manager,6,740340
61,Female,PhD,Operations Manager,18,1653661
64,Female,Master's,Lawyer,19,1967195
31,Female,Master's,Database Administrator,5,1165353
24,Male,Bachelor's,Analyst,1,573516
31,Male,PhD,Analyst,1,873980
62,Female,PhD,Healthcare Specialist,3,909523
63,Female,Master's,Sales Manager,14,1255139
29,Male,High School,Accountant,3,570595
38,Female,High School,Financial Analyst,6,665105
40,Female,Master's,Database Administrator,9,1081534
26,Female,Bachelor's,Software Engineer,2,904684
50,Male,Bachelor's,Database Administrator,17,1018966
55,Female,PhD,Senior Software Engineer,22,2736920
37,Male,Bachelor's,Vice President,15,2111994
51,Female,Bachelor's,Business Analyst,2,744421
58,Female,Master's,Product Manager,14,1585528
35,Female,Master's,Database Administrator,8,1242330
45,Female,Bachelor's,Biomedical Engineer,5,891333
39,Male,Master's,Senior Software Engineer,10,1769032
43,Female,Master's,Product Manager,19,1982858
35,Female,High School,Data Analyst,9,650694
59,Male,Bachelor's,Database Administrator,31,1375032
35,Male,Bachelor's,Technical Writer,10,780227
64,Female,Bachelor's,Economist,26,1262263
65,Male,High School,Civil Engineer,9,674752
61,Male,Bachelor's,Product Manager,8,1073553
60,Female,PhD,Analyst,3,809326
31,Male,Master's,IT Support Specialist,3,569328
32,Female,Bachelor's,Consultant,8,991580
40,Female,Bachelor's,Technical Writer,12,790074
60,Female,Master's,Associate,4,636166
56,Male,Bachelor's,Director of Engineering,16,2308862
40,Female,Master's,Operations Manager,12,1339120
30,Male,Bachelor's,Customer Support Specialist,1,420351
35,Male,Bachelor's,HR Manager,6,723570
51,Male,Master's,Electrical Engineer,6,1247518
65,Female,Master's,Vice President,23,3044128
53,Male,Bachelor's,Consultant,16,1195108
43,Female,PhD,Product Manager,9,1328741
45,Male,Master's,Security Engineer,8,1397829
22,Female,Bachelor's,Associate,0,570947
46,Female,Master's,Data Analyst,3,828454
26,Male,Bachelor's,Associate,0,524541
42,Male,Master's,Consultant,8,1402882
40,Male,High School,DevOps Engineer,13,1152746
52,Female,High School,Machine Learning Engineer,16,1366742
44,Male,Bachelor's,Research Scientist,16,1330295
60,Male,Bachelor's,DevOps Engineer,9,1283832
41,Female,Master's,Business Analyst,2,802831
64,Male,PhD,Senior Data Scientist,19,2389322
56,Female,PhD,Operations Manager,26,1762320
44,Male,PhD,Mechanical Engineer,10,1302287
52,Female,Master's,Mechanical Engineer,7,1079034
42,Male,Bachelor's,Sales Manager,13,944573
26,Female,Bachelor's,Teacher,4,539520
41,Male,PhD,Financial Analyst,6,1260457
33,Male,Bachelor's,Civil Engineer,9,806053
56,Male,Bachelor's,Mechanical Engineer,5,962815
29,Male,Bachelor's,Intern,0,370155
21,Male,Bachelor's,Intern,0,376054
22,Female,High School,Business Analyst,3,539288
55,Male,PhD,Vice President,19,3188277
34,Female,PhD,Software Engineer,3,1142831
21,Male,Master's,Junior Developer,0,619349
37,Female,Master's,Software Engineer,3,882247
34,Male,Master's,Project Manager,7,1284643
32,Female,Bachelor's,Software Engineer,2,879072
43,Male,PhD,Consultant,5,1330068
27,Female,Master's,IT Support Specialist,0,484148
34,Male,PhD,Systems Administrator,5,1054526
45,Female,Master's,Cloud Architect,17,1952836
62,Female,PhD,Economist,12,1394645
36,Male,Bachelor's,Analyst,0,559802
57,Female,Bachelor's,Product Manager,33,1466975
33,Male,Bachelor's,IT Support Specialist,1,420609
57,Male,Master's,Cloud Architect,17,2253471
22,Male,High School,Business Analyst,2,545007
60,Female,Master's,Consultant,6,1003523
25,Female,Bachelor's,Associate,1,479675
47,Male,Bachelor's,Cloud Architect,20,1940037
38,Male,Master's,Associate,1,617832
30,Female,Master's,Intern,0,417365
27,Male,Bachelor's,Software Engineer,5,896272
48,Male,Bachelor's,Network Engineer,5,976298
63,Female,PhD,Chief Executive Officer,35,3964754
32,Male,Master's,Analyst,2,806219
60,Male,Bachelor's,Senior Software Engineer,12,1635105
40,Male,Bachelor's,Architect,12,1168194
55,Male,Master's,Marketing Manager,9,1139426
34,Male,Master's,Statistician,10,1138035
59,Female,Bachelor's,Sales Manager,6,855703
40,Male,Bachelor's,Civil Engineer,6,928425
61,Male,High School,Civil Engineer,9,756089
53,Male,Master's,Operations Manager,16,1627480
44,Male,Bachelor's,Civil Engineer,14,1080648
43,Female,Bachelor's,Systems Administrator,9,704985
42,Female,Bachelor's,Security Engineer,7,1222604
36,Male,Master's,Research Scientist,10,1281908
37,Female,Bachelor's,Mechanical Engineer,10,907696
44,Male,Bachelor's,Associate,0,533949
60,Male,Master's,Consultant,7,1306738
34,Female,Master's,HR Manager,5,1037864
55,Male,PhD,Chief Financial Officer,20,3539537
59,Female,Bachelor's,Chief Technology Officer,22,2431812
30,Male,Bachelor's,Software Engineer,5,932250
65,Male,PhD,Database Administrator,9,1225121
36,Male,Bachelor's,HR Manager,8,918672
40,Female,Master's,Software Engineer,14,1247108
40,Male,Master's,Junior Developer,4,683850
28,Female,Master's,Associate,0,596753
46,Female,Master's,Project Manager,6,1035382
45,Male,PhD,Customer Support Specialist,3,511556
42,Male,Bachelor's,Consultant,10,1119000
37,Male,Master's,Customer Support Specialist,0,483953
53,Male,Master's,Sales Manager,8,1186094
58,Male,PhD,Product Manager,9,1732674
37,Male,PhD,Financial Analyst,8,1186327
33,Female,Master's,Teacher,4,609531
35,Female,Master's,Financial Analyst,2,854871
60,Male,Bachelor's,Vice President,38,2560861
24,Female,Bachelor's,Data Analyst,2,698777
64,Female,Master's,Operations Manager,30,1538337
37,Female,Bachelor's,Analyst,1,622982
37,Female,PhD,Healthcare Specialist,4,933977
35,Male,Bachelor's,DevOps Engineer,10,1381178
38,Female,PhD,Network Engineer,5,993056
42,Male,Master's,Teacher,3,705975
41,Female,Master's,Associate,1,559408
64,Male,Master's,Machine Learning Engineer,24,2078613
31,Male,Bachelor's,UX Designer,2,889683
53,Male,Master's,Data Scientist,6,1497676
58,Male,Master's,Senior Software Engineer,21,2029861
61,Female,High School,Research Scientist,42,1210786
32,Male,PhD,Associate,1,762267
30,Male,Master's,Accountant,2,641959
42,Female,PhD,Healthcare Specialist,2,966383
56,Male,High School,Chief Technology Officer,38,2512987
64,Female,High School,Security Engineer,41,1398327
38,Male,Master's,Architect,12,1101831
60,Male,High School,Operations Manager,39,1074343
25,Male,PhD,Junior Developer,0,688886
40,Male,Master's,Cloud Architect,16,2413556
26,Female,Bachelor's,Analyst,0,647526
58,Male,Bachelor's,Director of Engineering,35,2367391
60,Male,Bachelor's,UX Designer,3,861342
29,Female,Bachelor's,Electrical Engineer,7,980291
34,Female,Master's,Analyst,2,679151
34,Male,Bachelor's,Research Scientist,12,1240451
33,Male,PhD,Consultant,5,1281522
29,Female,Bachelor's,IT Support Specialist,0,462121
56,Female,PhD,Chief Financial Officer,19,3009304
35,Male,Bachelor's,Network Engineer,6,878000
29,Male,Master's,Analyst,3,676242
51,Female,PhD,Healthcare Specialist,3,813446
35,Female,PhD,Consultant,6,1351731
38,Male,Bachelor's,Product Manager,6,1257867
56,Male,Bachelor's,UX Designer,8,880778
28,Female,Master's,Graphic Designer,3,627844
22,Male,Bachelor's,Analyst,0,612114
48,Female,Master's,Civil Engineer,8,939275
46,Male,Master's,Vice President,19,2640316
23,Male,Bachelor's,Associate,0,469139
37,Male,Master's,Customer Support Specialist,3,436020
26,Female,High School,Associate,0,420758
35,Male,Master's,Product Manager,10,1484740
58,Female,Bachelor's,Vice President,23,2166111
45,Male,Bachelor's,Architect,10,1016125
53,Male,Master's,Product Manager,19,1695296
65,Male,Bachelor's,Chief Technology Officer,36,2505216
59,Female,Bachelor's,Software Engineer,7,922330
22,Female,Bachelor's,Analyst,0,548778
48,Female,Master's,Graphic Designer,2,626765
58,Female,Bachelor's,Professor,28,1354199
22,Female,Bachelor's,Associate,0,526788
25,Female,Bachelor's,Associate,3,563371
26,Female,Bachelor's,Junior Developer,0,563380
42,Female,Bachelor's,DevOps Engineer,13,1433432
28,Male,Master's,Analyst,0,645847
38,Female,PhD,DevOps Engineer,5,1478673
35,Male,Master's,Cloud Architect,11,2046354
58,Male,Bachelor's,Professor,29,1381806
24,Male,Master's,Analyst,0,759326
52,Male,PhD,Biomedical Engineer,9,1526550
22,Male,Master's,Analyst,0,690628
45,Female,Master's,Director of Engineering,19,2051179
62,Female,Master's,Economist,36,1653815
45,Female,Master's,Product Manager,9,1285631
44,Female,Master's,Lawyer,13,1658779
40,Male,Master's,Associate,2,632159
22,Male,Bachelor's,Junior Developer,0,541545
45,Male,High School,Machine Learning Engineer,25,1387299
